Date, Open, High, Low, Close, Volume, Adj Close
2018-02-07,139.16,142.46,138.98,141.39,933167,141.39
2018-02-06,133.58,140.07,133.14,139.73,1385675,139.73
2018-02-05,142.55,143.94,136.14,136.18,1287153,136.18
2018-02-02,142.84,145.36,142.83,144.13,1235409,144.13
2018-02-01,144.57,146.0,143.4,145.03,1165640,145.03
2018-01-31,140.89,144.61,140.28,144.54,1287009,144.54
2018-01-30,138.06,141.24,137.51,140.95,1130554,140.95
2018-01-29,138.06,139.67,137.315,138.89,983072,138.89
2018-01-26,136.13,139.25,136.13,138.24,2008646,138.24
2018-01-25,144.27,144.45,134.84,134.94,1838081,134.94
2018-01-24,142.76,143.0,140.82,142.13,1251158,142.13
2018-01-23,141.49,143.2159,141.08,142.59,642920,142.59
2018-01-22,138.7,141.33,137.75,141.06,916819,141.06
2018-01-19,138.7,139.56,138.19,138.76,718491,138.76
2018-01-18,139.24,140.0,137.98,138.0,568261,138.0
2018-01-17,139.0,141.3,137.5,139.55,738209,139.55
2018-01-16,141.79,142.6,140.15,140.52,569654,140.52
2018-01-12,140.07,141.88,139.83,141.81,414789,141.81
2018-01-11,138.9,140.5,138.7,139.77,433143,139.77
2018-01-10,137.37,139.62,137.37,139.0,606069,139.0
2018-01-09,138.23,138.5,137.055,137.84,492138,137.84
2018-01-08,135.88,137.89,134.55,137.62,428077,137.62
2018-01-05,139.0,139.4,135.85,136.18,848604,136.18
2018-01-04,138.3,138.66,136.52,137.12,791122,137.12
2018-01-03,132.84,134.85,132.675,134.04,801593,134.04
2018-01-02,131.64,132.78,131.31,132.58,400836,132.58
2017-12-29,132.44,132.56,131.14,131.22,329550,131.22
2017-12-28,131.88,132.18,131.105,132.08,267215,132.08
2017-12-27,131.38,132.12,131.055,131.75,266152,131.75
2017-12-26,132.2,132.94,131.105,131.26,272195,131.26
2017-12-22,132.43,132.68,131.54,132.37,254153,132.37
2017-12-21,132.01,133.03,131.45,132.36,536965,132.36
2017-12-20,131.67,132.17,129.7,131.45,527494,131.45
2017-12-19,131.57,132.2,131.1,131.51,417250,131.51
2017-12-18,132.18,133.61,131.5,131.87,584124,131.87
2017-12-15,131.16,132.5,130.17,131.06,1854154,131.06
2017-12-14,131.26,131.92,130.15,130.23,728974,130.23
2017-12-13,134.2,134.2,130.86,131.0,1075558,131.0
2017-12-12,133.14,136.35,132.51,135.49,1208320,135.49
2017-12-11,132.54,133.22,132.03,133.15,965692,133.15
2017-12-08,132.7,132.77,131.425,132.74,525509,132.74
2017-12-07,131.28,132.32,130.83,131.83,618539,131.83
2017-12-06,132.31,132.95,130.73,131.47,675448,131.47
2017-12-05,132.63,133.46,131.99,132.6,743100,132.6
2017-12-04,133.29,134.24,132.38,132.53,919616,132.53
2017-12-01,134.19,134.19,130.74,132.71,1015587,132.71
2017-11-30,130.21,134.5,129.16,134.2,2280060,134.2
2017-11-29,127.27,129.99,126.02,129.86,1118083,129.86
2017-11-28,124.15,127.29,123.9,126.67,768220,126.67
2017-11-27,123.32,124.27,122.89,123.7,672170,123.7
2017-11-24,122.25,123.3199,121.71,123.19,382514,123.19
2017-11-22,122.41,123.14,121.59,122.02,569946,122.02
2017-11-21,123.27,123.43,121.224,122.45,756645,122.45
2017-11-20,123.58,123.95,122.12,122.54,744969,122.54
2017-11-17,121.81,123.74,121.19,123.58,573848,123.58
2017-11-16,120.8,122.165,119.53,122.06,598946,122.06
2017-11-15,120.74,121.2,119.64,119.79,436358,119.79
2017-11-14,120.4,121.48,119.77,121.22,424818,121.22
2017-11-13,119.5,121.03,119.4,120.85,503821,120.85
2017-11-10,120.6,120.935,119.61,119.71,698065,119.71
2017-11-09,120.82,122.15,120.39,120.96,794855,120.96
2017-11-08,120.21,121.8,119.66,121.34,651221,121.34
2017-11-07,120.13,120.47,119.57,120.13,610734,120.13
2017-11-06,119.6,121.41,119.6,120.2,861586,120.2
2017-11-03,120.51,121.395,119.5,119.65,835380,119.65
2017-11-02,119.52,121.66,119.51,121.01,954261,121.01
2017-11-01,120.94,121.88,119.91,120.6,993044,120.6
2017-10-31,119.95,121.48,119.41,121.27,944553,121.27
2017-10-30,120.7,121.88,119.35,119.63,1272144,119.63
2017-10-27,124.27,126.39,120.33,121.18,1425751,121.18
2017-10-26,119.5,127.48,118.76,124.05,2431749,124.05
2017-10-25,118.67,119.89,118.08,119.31,1045701,119.31
2017-10-24,118.33,119.45,118.33,119.15,641135,119.15
2017-10-23,119.46,119.53,118.14,118.27,696981,118.27
2017-10-20,118.0,119.95,117.75,119.48,828885,119.48
2017-10-19,116.46,117.535,115.53,117.39,371205,117.39
2017-10-18,116.3,117.13,115.67,116.74,536000,116.74
2017-10-17,116.16,116.501,115.67,116.28,609665,116.28
2017-10-16,116.82,117.05,115.66,115.79,505676,115.79
2017-10-13,115.76,116.83,115.45,116.7,989030,116.7
2017-10-12,115.4,116.69,115.04,115.69,987883,115.69
2017-10-11,116.13,116.27,114.63,115.99,893404,115.99
2017-10-10,116.89,117.515,115.94,116.4,1007963,116.4
2017-10-09,118.8,119.92,116.24,116.3,932636,116.3
2017-10-06,120.09,120.6,118.85,119.0,602843,119.0
2017-10-05,119.26,120.9,118.9,120.1,558645,120.1
2017-10-04,117.86,119.92,117.82,119.35,706020,119.35
2017-10-03,122.42,122.95,117.55,117.82,1406111,117.82
2017-10-02,120.81,124.03,120.81,123.72,621353,123.72
2017-09-29,122.09,122.59,120.35,120.56,798811,120.56
2017-09-28,120.52,123.14,120.52,121.43,1107640,121.43
2017-09-27,118.89,121.77,118.83,121.06,565153,121.06
2017-09-26,119.44,119.54,118.4,118.61,392125,118.61
2017-09-25,119.34,119.88,118.03,118.81,640198,118.81
2017-09-22,117.63,120.92,117.465,119.73,991503,119.73
2017-09-21,116.84,118.2399,116.35,117.71,764618,117.71
2017-09-20,116.42,117.32,115.91,116.83,651392,116.83
2017-09-19,117.5,117.63,116.43,116.76,614024,116.76
2017-09-18,116.79,117.47,116.55,116.9,1061880,116.9
2017-09-15,116.74,117.22,116.23,116.62,1184030,116.62
2017-09-14,116.21,117.02,116.0,116.91,721263,116.91
2017-09-13,117.31,117.31,116.15,116.54,316306,116.54
2017-09-12,117.84,119.03,117.07,117.58,669806,117.58
2017-09-11,116.25,117.99,116.25,117.55,814895,117.55
2017-09-08,115.21,115.92,114.76,115.56,490717,115.56
2017-09-07,116.93,116.96,114.93,115.66,698143,115.66
2017-09-06,116.63,116.93,115.95,116.58,887292,116.58
2017-09-05,118.16,118.47,116.12,116.45,735748,116.45
2017-09-01,119.91,119.91,118.3,118.57,379190,118.57
2017-08-31,118.34,119.74,118.09,119.38,666007,119.38
2017-08-30,117.92,119.22,117.56,118.64,478592,118.64
2017-08-29,117.15,117.84,116.3423,117.74,281871,117.74
2017-08-28,117.59,118.37,117.13,117.71,262832,117.71
2017-08-25,117.64,118.95,117.5,117.6,408054,117.6
2017-08-24,116.26,118.14,116.26,117.52,569811,117.52
2017-08-23,116.58,116.79,115.78,115.93,438361,115.93
2017-08-22,116.24,117.23,115.99,116.95,582159,116.95
2017-08-21,116.7,116.7,115.67,116.11,527159,116.11
2017-08-18,117.68,117.91,116.27,116.48,471347,116.48
2017-08-17,117.96,118.79,117.38,117.81,590904,117.81
2017-08-16,118.87,119.09,118.1,118.63,613482,118.63
2017-08-15,119.43,119.66,118.29,118.56,656397,118.56
2017-08-14,118.9,119.86,118.5,119.01,752025,119.01
2017-08-11,117.13,117.95,116.5,117.82,777869,117.82
2017-08-10,117.67,118.44,116.32,116.41,841613,116.41
2017-08-09,118.09,118.87,117.83,118.63,737674,118.63
2017-08-08,119.68,120.5,118.43,118.62,912332,118.62
2017-08-07,119.83,120.54,119.83,120.05,580403,120.05
2017-08-04,119.82,120.84,119.64,119.78,507471,119.78
2017-08-03,119.04,120.4,118.56,119.63,889609,119.63
2017-08-02,120.07,120.25,118.97,119.08,1063292,119.08
2017-08-01,121.08,121.43,119.98,121.15,863566,121.15
2017-07-31,122.15,122.15,120.01,120.75,806633,120.75
2017-07-28,118.77,122.71,118.77,121.72,1458511,121.72
2017-07-27,118.25,120.0,115.63,119.02,3845933,119.02
2017-07-26,128.68,128.79,127.16,128.2,1315326,128.2
2017-07-25,126.53,129.22,126.31,128.02,682302,128.02
2017-07-24,126.53,127.53,125.32,126.79,564127,126.79
2017-07-21,127.0,127.76,126.2975,126.9,479580,126.9
2017-07-20,127.93,128.595,126.93,127.24,542334,127.24
2017-07-19,126.94,128.04,126.78,127.64,703037,127.64
2017-07-18,125.95,126.75,125.24,126.63,568887,126.63
2017-07-17,124.32,126.83,123.61,126.58,907525,126.58
2017-07-14,123.54,124.32,120.1536,123.84,2142523,123.84
2017-07-13,129.55,130.0,127.09,128.29,842003,128.29
2017-07-12,129.42,129.76,128.31,129.35,953218,129.35
2017-07-11,128.09,128.76,127.07,128.65,634695,128.65
2017-07-10,127.26,128.309,127.0,127.88,500078,127.88
2017-07-07,127.97,129.1,127.15,127.63,612007,127.63
2017-07-06,128.19,128.76,126.75,127.15,714213,127.15
2017-07-05,128.31,129.32,127.48,128.91,468639,128.91
2017-07-03,127.75,129.32,127.08,127.81,284505,127.81
2017-06-30,127.85,127.85,126.39,127.06,683192,127.06
2017-06-29,128.76,128.8,125.96,127.32,655834,127.32
2017-06-28,128.67,129.6,127.93,128.95,602045,128.95
2017-06-27,128.69,129.47,127.74,127.8,711695,127.8
2017-06-26,130.4,130.49,128.86,129.04,325329,129.04
2017-06-23,129.61,130.65,129.1,129.99,883094,129.99
2017-06-22,129.19,129.34,127.94,128.95,488380,128.95
2017-06-21,129.29,129.94,128.53,128.99,519745,128.99
2017-06-20,130.73,131.21,128.73,128.85,590674,128.85
2017-06-19,129.84,131.07,129.59,130.63,687266,130.63
2017-06-16,129.76,130.19,128.0,129.19,845071,129.19
2017-06-15,129.13,130.36,128.43,129.35,574691,129.35
2017-06-14,130.74,132.2,129.03,129.78,702726,129.78
2017-06-13,128.58,130.52,128.58,130.14,553982,130.14
2017-06-12,128.19,128.94,126.98,128.68,795374,128.68
2017-06-09,130.97,131.69,128.09,129.3,675191,129.3
2017-06-08,128.24,130.99,127.7,130.83,687573,130.83
2017-06-07,129.44,129.9,126.92,127.97,879899,127.97
2017-06-06,129.35,129.935,128.8,129.52,618032,129.52
2017-06-05,129.01,130.34,128.82,129.66,580872,129.66
2017-06-02,129.84,130.39,129.06,129.31,509525,129.31
2017-06-01,128.85,130.09,128.58,130.09,721461,130.09
2017-05-31,128.56,129.0,126.48,128.13,1106113,128.13
2017-05-30,127.02,129.08,126.82,128.0,489480,128.0
2017-05-26,127.4,127.4,126.4,127.16,354104,127.16
2017-05-25,127.0,127.8548,126.42,127.58,377124,127.58
2017-05-24,126.27,126.92,125.5301,126.85,717142,126.85
2017-05-23,128.61,128.81,124.94,125.99,740931,125.99
2017-05-22,127.54,129.22,127.25,128.55,662070,128.55
2017-05-19,126.44,127.51,126.385,127.15,655583,127.15
2017-05-18,126.89,128.02,124.27,125.9,1271062,125.9
2017-05-17,129.9,130.62,127.71,127.87,1082749,127.87
2017-05-16,131.46,131.93,130.23,131.38,782459,131.38
2017-05-15,129.64,131.78,129.38,131.72,1065217,131.72
2017-05-12,129.63,130.25,129.08,129.16,899018,129.16
2017-05-11,131.14,131.48,129.64,129.94,977464,129.94
2017-05-10,130.59,131.67,129.46,131.6,1251676,131.6
2017-05-09,129.98,131.49,129.52,130.84,1022485,130.84
2017-05-08,128.58,129.84,128.09,129.76,1222233,129.76
2017-05-05,126.99,128.72,126.63,128.57,1109339,128.57
2017-05-04,127.12,127.7,125.97,126.42,1130272,126.42
2017-05-03,126.67,127.79,126.29,126.99,977805,126.99
2017-05-02,126.15,127.68,125.6,127.5,1151535,127.5
2017-05-01,128.91,130.3,127.11,127.4,1277448,127.4
2017-04-28,126.96,129.68,126.68,129.13,1684245,129.13
2017-04-27,126.01,130.05,125.3,126.99,3780003,126.99
2017-04-26,138.68,139.09,137.3,137.3,1433788,137.3
2017-04-25,137.52,139.34,137.51,138.19,1056075,138.19
2017-04-24,137.92,138.54,136.93,137.93,999605,137.93
2017-04-21,136.79,137.1,136.13,136.54,811794,136.54
2017-04-20,136.62,137.21,136.03,136.87,1227319,136.87
2017-04-19,135.61,136.73,135.58,135.93,887512,135.93
2017-04-18,135.79,136.34,135.085,135.43,707441,135.43
2017-04-17,134.98,136.35,134.43,135.98,733934,135.98
2017-04-13,135.07,136.41,134.3,134.43,989587,134.43
2017-04-12,137.24,137.28,134.73,134.88,947725,134.88
2017-04-11,136.88,137.25,135.7,136.68,828304,136.68
2017-04-10,137.37,137.84,136.28,136.86,613689,136.86
2017-04-07,137.9,138.055,136.97,137.03,632929,137.03
2017-04-06,138.3,139.15,137.19,138.3,854788,138.3
2017-04-05,139.89,141.15,137.76,138.09,889302,138.09
2017-04-04,140.98,141.57,139.12,139.43,701320,139.43
2017-04-03,142.73,142.92,139.86,141.02,682617,141.02
2017-03-31,142.66,143.05,141.94,142.57,592317,142.57
2017-03-30,141.72,142.9,141.556,142.48,507910,142.48
2017-03-29,141.19,143.5,140.63,142.1,1488742,142.1
2017-03-28,146.5,147.54,145.0,147.13,397033,147.13
2017-03-27,145.64,147.09,144.16,146.52,617654,146.52
2017-03-24,146.96,148.19,145.57,146.57,389457,146.57
2017-03-23,145.48,148.1995,145.05,146.55,662531,146.55
2017-03-22,145.94,146.6,145.026,145.69,600222,145.69
2017-03-21,149.32,149.44,145.57,145.77,630397,145.77
2017-03-20,148.66,149.5,147.74,148.75,490672,148.75
2017-03-17,147.91,149.11,147.38,148.79,660992,148.79
2017-03-16,146.4,148.0,145.96,147.82,611112,147.82
2017-03-15,145.73,147.02,144.75,146.48,423170,146.48
2017-03-14,145.56,145.73,144.2,145.13,334809,145.13
2017-03-13,146.0,146.99,144.71,146.29,744148,146.29
2017-03-10,144.58,145.98,144.0,145.93,556531,145.93
2017-03-09,143.11,144.1,142.12,143.76,454269,143.76
2017-03-08,143.46,143.77,142.24,142.88,569450,142.88
2017-03-07,141.09,143.93,140.5,143.6,663145,143.6
2017-03-06,142.66,142.66,141.28,141.34,557132,141.34
2017-03-03,142.5,143.065,140.4,142.87,772557,142.87
2017-03-02,144.79,144.79,142.04,142.1,459340,142.1
2017-03-01,144.01,145.982,143.31,145.08,527538,145.08
2017-02-28,143.27,143.67,142.33,143.27,589674,143.27
2017-02-27,144.46,144.665,143.09,143.61,420531,143.61
2017-02-24,143.73,144.58,143.19,144.41,636340,144.41
2017-02-23,144.94,145.05,143.235,144.2,426212,144.2
2017-02-22,144.66,145.38,143.91,144.84,623503,144.84
2017-02-21,143.31,145.55,142.3,145.05,487289,145.05
2017-02-17,142.87,143.63,141.93,143.35,512244,143.35
2017-02-16,143.34,143.785,141.66,143.24,463348,143.24
2017-02-15,141.3,143.57,140.685,143.13,870111,143.13
2017-02-14,140.43,141.22,140.18,141.1,580652,141.1
2017-02-13,140.09,141.88,139.45,140.47,1021827,140.47
2017-02-10,140.0,140.25,139.01,139.69,574195,139.69
2017-02-09,139.14,140.69,139.14,139.73,714488,139.73
2017-02-08,138.13,139.49,137.86,138.88,734873,138.88
2017-02-07,137.0,138.59,136.78,138.57,782365,138.57
2017-02-06,135.54,136.99,135.01,136.68,959985,136.68
2017-02-03,134.4,136.52,134.4,136.23,969780,136.23
2017-02-02,130.8,134.79,130.61,134.45,1159597,134.45
2017-02-01,134.07,134.09,131.54,132.34,1292752,132.34
2017-01-31,132.6,135.49,132.51,134.03,985482,134.03
2017-01-30,135.06,135.58,133.75,134.69,838859,134.69
2017-01-27,133.28,138.27,133.28,135.54,1342655,135.54
2017-01-26,139.3,139.87,132.58,133.72,2725193,133.72
2017-01-25,144.96,145.89,143.27,145.75,1222744,145.75
2017-01-24,141.54,144.61,141.28,144.15,594677,144.15
2017-01-23,142.08,142.85,140.275,141.14,669711,141.14
2017-01-20,142.97,143.39,141.88,142.1,434368,142.1
2017-01-19,143.17,144.1934,141.925,142.54,589449,142.54
2017-01-18,141.5,143.23,141.45,142.84,659883,142.84
2017-01-17,142.87,143.5,140.75,141.63,718626,141.63
2017-01-13,143.56,144.68,142.74,143.37,451617,143.37
2017-01-12,143.82,144.67,141.8,142.99,425478,142.99
2017-01-11,144.0,144.99,143.5,144.03,465498,144.03
2017-01-10,144.63,145.0,143.98,144.24,523282,144.24
2017-01-09,144.01,144.29,142.07,144.15,814092,144.15
2017-01-06,144.29,145.37,143.88,144.45,461519,144.45
2017-01-05,145.13,146.98,143.92,144.42,500949,144.42
2017-01-04,144.91,146.72,144.29,145.46,459822,145.46
2017-01-03,145.65,145.87,143.76,144.8,521546,144.8
2016-12-30,144.96,145.4999,144.09,144.72,366586,144.72
2016-12-29,144.39,145.88,144.02,144.92,398196,144.92
2016-12-28,145.18,145.96,143.95,144.06,269938,144.06
2016-12-27,145.64,146.88,144.759,145.33,273835,145.33
2016-12-23,144.39,145.56,144.003,145.45,247692,145.45
2016-12-22,146.34,147.74,143.911,144.24,511134,144.24
2016-12-21,146.66,148.34,145.76,146.11,398998,146.11
2016-12-20,145.81,147.23,145.74,146.56,446651,146.56
2016-12-19,144.73,145.57,144.32,145.15,374133,145.15
2016-12-16,144.93,145.38,143.76,144.64,1090293,144.64
2016-12-15,144.65,146.64,143.43,145.54,675521,145.54
2016-12-14,144.94,147.25,143.69,144.08,1156354,144.08
2016-12-13,141.9,143.085,140.66,142.36,509797,142.36
2016-12-12,142.34,142.89,140.28,141.22,687475,141.22
2016-12-09,142.65,143.155,141.6001,142.54,416468,142.54
2016-12-08,141.72,144.32,141.54,142.83,569630,142.83
2016-12-07,140.43,141.25,138.55,141.16,758219,141.16
2016-12-06,141.31,141.895,139.59,140.86,454538,140.86
2016-12-05,139.58,140.95,138.48,140.33,667132,140.33
2016-12-02,138.79,139.335,136.97,138.99,595363,138.99
2016-12-01,141.12,141.95,138.48,139.36,901131,139.36
2016-11-30,141.96,142.85,139.5,140.75,800314,140.75
2016-11-29,142.9,143.93,142.57,142.81,336159,142.81
2016-11-28,143.35,144.0,142.47,142.61,385235,142.61
2016-11-25,143.66,144.14,142.86,144.12,238048,144.12
2016-11-23,144.0,144.11,142.78,143.9,424280,143.9
2016-11-22,143.99,144.06,142.61,143.75,617976,143.75
2016-11-21,142.61,143.94,141.85,143.77,782088,143.77
2016-11-18,143.43,144.2809,141.32,142.01,859616,142.01
2016-11-17,141.44,144.04,140.9,143.91,841172,143.91
2016-11-16,142.91,144.0,140.99,142.7,688980,142.7
2016-11-15,143.17,144.0,142.27,143.44,882895,143.44
2016-11-14,141.43,143.2,141.22,141.95,780362,141.95
2016-11-11,139.1,141.37,138.001,141.15,779579,141.15
2016-11-10,140.42,141.83,138.24,139.85,1053960,139.85
2016-11-09,136.72,140.97,136.0,140.23,1074648,140.23
2016-11-08,136.67,137.99,135.73,137.77,486644,137.77
2016-11-07,137.5,138.37,135.95,136.45,972409,136.45
2016-11-04,137.65,137.94,135.7,135.73,1060202,135.73
2016-11-03,134.6,139.08,134.42,137.81,1610263,137.81
2016-11-02,135.55,137.27,134.01,135.32,1323182,135.32
2016-11-01,137.47,138.21,135.74,136.98,1544882,136.98
2016-10-31,134.92,138.55,134.32,138.21,1452197,138.21
2016-10-28,131.27,135.92,130.9,134.66,1857776,134.66
2016-10-27,129.9,133.0,127.5,130.99,5094395,130.99
2016-10-26,117.22,120.74,117.22,119.54,856243,119.54
2016-10-25,118.46,119.35,116.5,117.22,633000,117.22
2016-10-24,118.95,119.86,118.04,118.76,656371,118.76
2016-10-21,117.64,119.33,116.88,118.07,902294,118.07
2016-10-20,118.72,119.1,117.43,118.09,594091,118.09
2016-10-19,117.34,120.4193,116.06,118.75,1162924,118.75
2016-10-18,117.28,118.55,116.66,117.56,537673,117.56
2016-10-17,116.79,117.28,116.14,116.4,318095,116.4
2016-10-14,116.69,117.9899,116.2,116.74,491044,116.74
2016-10-13,117.39,117.39,114.45,116.13,868681,116.13
2016-10-12,119.0,119.29,117.74,117.8,1040262,117.8
2016-10-11,123.22,123.3,121.22,121.81,874094,121.81
2016-10-10,124.94,125.0,123.17,123.23,362474,123.23
2016-10-07,124.86,124.87,123.45,124.14,276267,124.14
2016-10-06,125.15,125.49,124.41,124.94,387908,124.94
2016-10-05,124.69,125.97,124.315,125.5,448426,125.5
2016-10-04,124.0,125.47,123.96,124.74,559615,124.74
2016-10-03,124.16,124.8,123.91,124.38,400644,124.38
2016-09-30,123.88,125.0,123.55,124.64,438930,124.64
2016-09-29,124.01,124.675,123.37,123.4,447924,123.4
2016-09-28,123.08,124.53,121.83,124.03,717445,124.03
2016-09-27,119.02,123.15,118.27,122.86,852130,122.86
2016-09-26,120.15,121.22,119.23,119.45,239953,119.45
2016-09-23,121.56,122.0,120.24,120.49,314123,120.49
2016-09-22,120.14,121.43,119.45,121.25,541594,121.25
2016-09-21,118.58,119.88,118.48,119.34,358233,119.34
2016-09-20,119.08,119.99,118.44,118.45,399888,118.45
2016-09-19,118.94,120.11,118.5,118.91,406158,118.91
2016-09-16,118.39,119.5,117.56,118.55,761474,118.55
2016-09-15,117.77,119.65,117.02,119.02,568718,119.02
2016-09-14,119.06,119.44,117.45,117.94,820199,117.94
2016-09-13,117.87,118.3,115.631,116.84,950277,116.84
2016-09-12,117.84,118.92,117.1,118.76,675912,118.76
2016-09-09,119.21,119.96,118.02,118.05,892514,118.05
2016-09-08,120.25,120.84,119.01,119.7,823368,119.7
2016-09-07,123.55,124.78,120.11,120.42,959564,120.42
2016-09-06,124.23,124.81,121.59,124.43,433730,124.43
2016-09-02,123.97,124.44,122.89,123.89,291773,123.89
2016-09-01,122.42,123.76,122.33,123.64,538207,123.64
2016-08-31,123.93,124.06,121.33,122.73,642429,122.73
2016-08-30,124.79,125.77,124.09,124.36,417477,124.36
2016-08-29,124.22,125.49,123.61,124.81,392296,124.81
2016-08-26,124.38,125.31,123.49,124.04,334311,124.04
2016-08-25,124.09,125.01,123.55,124.38,245619,124.38
2016-08-24,125.14,125.15,124.11,124.39,330636,124.39
2016-08-23,124.8,125.36,124.58,124.91,408772,124.91
2016-08-22,123.79,124.42,123.5128,123.98,534991,123.98
2016-08-19,123.16,124.647,123.16,124.24,618410,124.24
2016-08-18,123.06,124.34,122.72,123.66,580856,123.66
2016-08-17,123.75,124.58,122.53,123.32,664011,123.32
2016-08-16,124.23,124.88,123.13,123.39,921432,123.39
2016-08-15,124.71,125.66,123.8285,124.75,863656,124.75
2016-08-12,125.11,125.75,124.75,124.8,607038,124.8
2016-08-11,126.05,126.85,124.8,125.03,1033288,125.03
2016-08-10,126.61,126.67,125.78,126.1,444349,126.1
2016-08-09,126.92,127.13,125.9,126.43,480921,126.43
2016-08-08,125.63,126.68,125.55,126.66,677626,126.66
2016-08-05,123.67,125.77,122.97,125.65,569916,125.65
2016-08-04,123.14,123.83,123.09,123.33,425991,123.33
2016-08-03,122.48,123.98,122.2666,123.47,491330,123.47
2016-08-02,122.32,123.79,122.0,122.91,855577,122.91
2016-08-01,123.56,125.06,123.14,123.7,1095480,123.7
2016-07-29,122.89,123.68,122.21,123.42,762217,123.42
2016-07-28,122.33,123.3525,120.46,123.05,1003711,123.05
2016-07-27,124.1,125.16,122.95,123.09,751096,123.09
2016-07-26,124.13,125.87,123.3,124.06,831865,124.06
2016-07-25,122.25,124.21,121.1,123.79,603620,123.79
2016-07-22,121.46,123.94,121.18,123.24,893013,123.24
2016-07-21,121.89,124.76,121.21,121.86,1441682,121.86
2016-07-20,121.75,122.24,120.0,121.47,1386561,121.47
2016-07-19,115.87,122.34,115.02,120.6,2291439,120.6
2016-07-18,116.36,117.24,115.43,115.82,589098,115.82
2016-07-15,116.5,116.54,114.87,116.37,775894,116.37
2016-07-14,117.24,117.24,115.75,116.25,534823,116.25
2016-07-13,117.62,118.4999,116.36,116.36,543748,116.36
2016-07-12,117.49,118.02,116.44,117.81,441645,117.81
2016-07-11,117.36,118.26,116.375,116.85,430545,116.85
2016-07-08,114.99,117.2,114.47,117.13,761820,117.13
2016-07-07,113.63,114.88,112.96,113.77,539993,113.77
2016-07-06,112.11,113.89,110.86,113.79,703232,113.79
2016-07-05,113.41,114.17,112.48,112.51,542896,112.51
2016-07-01,113.91,115.31,113.11,113.52,566403,113.52
2016-06-30,112.37,113.84,111.42,113.84,537866,113.84
2016-06-29,111.62,112.88,110.34,112.52,554410,112.52
2016-06-28,109.94,111.58,109.56,110.31,793860,110.31
2016-06-27,112.65,112.92,107.19,108.64,1255482,108.64
2016-06-24,116.76,119.0,113.34,113.4,1107755,113.4
2016-06-23,119.12,121.48,118.78,121.44,630898,121.44
2016-06-22,119.71,119.958,118.46,118.61,405991,118.61
2016-06-21,119.34,119.69,118.33,119.29,514731,119.29
2016-06-20,119.93,120.55,119.175,119.25,655439,119.25
2016-06-17,118.59,119.48,117.91,118.56,1224172,118.56
2016-06-16,118.6,119.22,117.76,119.03,610263,119.03
2016-06-15,118.53,119.6299,117.72,119.15,916005,119.15
2016-06-14,118.24,119.43,117.171,118.08,1019576,118.08
2016-06-13,118.91,120.43,118.14,118.48,820038,118.48
2016-06-10,118.66,119.85,118.0,119.41,1046381,119.41
2016-06-09,120.25,120.91,119.16,119.68,831698,119.68
2016-06-08,120.27,123.0,119.1901,120.35,3262731,120.35
2016-06-07,110.31,124.91,109.66,123.94,3469836,123.94
2016-06-06,110.8,110.84,109.85,110.04,404009,110.04
2016-06-03,110.53,110.995,109.64,110.22,420781,110.22
2016-06-02,109.5,110.94,109.16,110.84,493634,110.84
2016-06-01,110.02,110.33,108.43,109.49,649171,109.49
2016-05-31,109.09,110.28,108.15,110.2,1099396,110.2
2016-05-27,108.24,110.04,108.16,108.81,862781,108.81
2016-05-26,109.52,109.89,108.69,109.01,722633,109.01
2016-05-25,109.0,109.93,108.97,109.65,699167,109.65
2016-05-24,107.09,108.98,106.83,108.64,746158,108.64
2016-05-23,106.72,107.415,106.264,106.65,712446,106.65
2016-05-20,105.0,106.7425,105.0,106.64,962461,106.64
2016-05-19,105.53,107.29,103.735,104.84,952276,104.84
2016-05-18,103.78,106.28,103.64,105.62,1047280,105.62
2016-05-17,104.98,106.1,103.54,103.83,1313531,103.83
2016-05-16,105.6,107.46,105.49,107.33,1130577,107.33
2016-05-13,104.12,105.99,103.89,105.9,1388064,105.9
2016-05-12,104.37,105.12,103.23,104.5,819681,104.5
2016-05-11,104.3,105.77,103.67,103.7,913815,103.7
2016-05-10,102.21,104.41,101.87,104.34,1018459,104.34
2016-05-09,100.81,102.24,100.025,101.86,695338,101.86
2016-05-06,100.5,101.27,99.29,100.64,685860,100.64
2016-05-05,101.3,101.85,100.41,100.58,608667,100.58
2016-05-04,100.23,101.715,100.23,100.95,710195,100.95
2016-05-03,102.93,103.03,100.828,100.96,793112,100.96
2016-05-02,103.12,104.24,103.01,103.65,963989,103.65
2016-04-29,104.09,104.95,102.39,104.75,1152732,104.75
2016-04-28,106.45,106.64,104.0,104.24,854767,104.24
2016-04-27,104.95,107.08,104.42,106.9,850864,106.9
2016-04-26,105.62,106.2,105.0,105.37,767411,105.37
2016-04-25,103.93,105.51,103.66,105.31,1322337,105.31
2016-04-22,102.79,104.99,102.18,104.52,1672239,104.52
2016-04-21,100.89,103.16,99.28,102.54,2461310,102.54
2016-04-20,96.56,97.928,95.07,97.16,1940031,97.16
2016-04-19,97.24,97.82,95.61,95.76,923261,95.76
2016-04-18,95.38,97.17,95.01,96.9,800300,96.9
2016-04-15,96.6,96.67,95.19,95.61,861426,95.61
2016-04-14,97.3,97.77,96.44,96.85,652772,96.85
2016-04-13,96.09,97.52,95.55,97.15,1148100,97.15
2016-04-12,95.73,95.8799,93.64,95.19,1410587,95.19
2016-04-11,98.08,99.78,97.28,97.28,709945,97.28
2016-04-08,97.99,99.43,96.99,97.45,1345874,97.45
2016-04-07,100.17,100.485,97.12,97.72,1737919,97.72
2016-04-06,102.8,104.2,102.1801,103.89,741634,103.89
2016-04-05,104.24,104.67,102.84,103.34,845510,103.34
2016-04-04,105.36,105.36,103.816,104.67,802378,104.67
2016-04-01,104.94,105.76,104.3175,105.58,543388,105.58
2016-03-31,105.26,106.05,104.91,105.85,630790,105.85
2016-03-30,105.16,106.86,104.87,105.47,660489,105.47
2016-03-29,103.39,105.07,102.43,104.68,680426,104.68
2016-03-28,103.49,103.79,102.58,103.4,605484,103.4
2016-03-24,102.5,103.35,101.0,103.14,781293,103.14
2016-03-23,104.35,104.54,102.7,102.99,641941,102.99
2016-03-22,102.11,106.86,102.11,104.36,1401059,104.36
2016-03-21,102.13,103.3,102.0011,103.01,622102,103.01
2016-03-18,101.09,102.42,100.04,102.31,858625,102.31
2016-03-17,99.58,101.31,99.58,100.93,477071,100.93
2016-03-16,98.5,100.31,98.27,99.78,449912,99.78
2016-03-15,98.72,99.47,98.4105,99.0,726983,99.0
2016-03-14,99.97,100.41,97.6565,99.43,663846,99.43
2016-03-11,99.64,100.82,98.55,100.66,412180,100.66
2016-03-10,100.0,100.32,97.35,98.46,722053,98.46
2016-03-09,100.25,100.95,99.37,99.79,478584,99.79
2016-03-08,100.51,100.82,99.25,99.77,507709,99.77
2016-03-07,99.31,101.27,98.7601,100.87,957968,100.87
2016-03-04,100.73,100.78,99.45,99.79,620323,99.79
2016-03-03,99.77,100.78,99.405,100.47,795365,100.47
2016-03-02,98.27,100.5,97.91,100.14,1116042,100.14
2016-03-01,96.73,98.75,96.29,98.66,788707,98.66
2016-02-29,96.98,97.43,96.02,96.17,750983,96.17
2016-02-26,96.3,97.72,96.3,97.12,823624,97.12
2016-02-25,94.37,95.96,92.5,95.95,811685,95.95
2016-02-24,92.83,94.42,91.35,94.3,864453,94.3
2016-02-23,93.62,94.9,93.02,93.53,955443,93.53
2016-02-22,93.22,94.93,92.95,94.57,782650,94.57
2016-02-19,91.7,92.84,91.11,92.67,683416,92.67
2016-02-18,92.19,92.77,91.22,91.87,822456,91.87
2016-02-17,90.02,91.78,90.02,91.52,1360662,91.52
2016-02-16,89.0,89.85,88.12,89.51,948659,89.51
2016-02-12,87.64,88.06,86.9,87.83,812319,87.83
2016-02-11,86.79,87.6,86.026,86.96,1229727,86.96
2016-02-10,88.6,89.27,87.32,87.55,799628,87.55
2016-02-09,87.59,88.835,86.85,87.61,1043104,87.61
2016-02-08,89.79,89.79,87.11,88.18,1537413,88.18
2016-02-05,91.76,92.25,89.85,90.22,1137302,90.22
2016-02-04,91.19,92.65,90.94,92.05,642121,92.05
2016-02-03,91.5,92.42,89.66,91.19,983402,91.19
2016-02-02,91.56,93.3,90.81,90.93,1189649,90.93
2016-02-01,93.12,94.29,92.68,94.01,1037344,94.01
2016-01-29,93.26,94.6,93.1833,93.78,1346823,93.78
2016-01-28,95.98,95.98,92.49,92.5,2218703,92.5
2016-01-27,95.84,96.94,95.14,95.34,1721845,95.34
2016-01-26,94.28,96.577,94.18,96.41,1474377,96.41
2016-01-25,93.61,95.774,93.4,93.92,1914930,93.92
2016-01-22,90.37,93.92,90.25,93.77,1982827,93.77
2016-01-21,94.4995,94.4995,88.8,89.51,4007698,89.51
2016-01-20,92.01,92.445,88.745,90.02,3274946,90.02
2016-01-19,94.51,95.0,92.3845,93.5,1790838,93.5
2016-01-15,91.33,94.12,91.0,93.52,2255129,93.52
2016-01-14,93.08,96.21,91.992,94.16,2060497,94.16
2016-01-13,92.79,94.24,92.13,94.0,2270504,94.0
2016-01-12,93.19,93.74,91.45,92.61,1859335,92.61
2016-01-11,91.81,94.395,91.011,93.52,1829421,93.52
2016-01-08,93.11,93.71,91.23,92.13,1291304,92.13
2016-01-07,93.68,94.5,90.81,91.82,1790675,91.82
2016-01-06,95.42,96.42,94.63,95.02,1334377,95.02
2016-01-05,95.66,96.7,95.5,96.52,1157612,96.52
2016-01-04,95.6,97.7,94.7204,96.93,1682924,96.93
2015-12-31,97.65,98.45,96.8,96.96,703011,96.96
2015-12-30,97.69,99.21,96.53,98.06,602686,98.06
2015-12-29,97.0,97.63,96.84,97.55,1087978,97.55
2015-12-28,97.35,97.6,96.49,97.0,562439,97.0
2015-12-24,97.62,98.41,97.35,97.44,238296,97.44
2015-12-23,98.06,98.72,97.22,97.69,667494,97.69
2015-12-22,97.3,97.6,96.56,97.44,944596,97.44
2015-12-21,98.17,98.21,96.3163,97.39,545118,97.39
2015-12-18,98.33,98.53,97.42,97.63,1808394,97.63
2015-12-17,100.82,100.92,98.94,98.94,1000037,98.94
2015-12-16,100.38,100.55,99.015,100.5,1551728,100.5
2015-12-15,95.0,100.75,94.51,99.75,2104803,99.75
2015-12-14,97.35,97.54,95.6,96.31,1128655,96.31
2015-12-11,98.36,98.43,96.5,97.56,1192900,97.56
2015-12-10,100.14,100.52,98.85,99.06,1238508,99.06
2015-12-09,99.88,101.89,99.76,100.34,1547274,100.34
2015-12-08,103.59,103.9499,102.45,103.45,818653,103.45
2015-12-07,104.14,104.89,103.31,104.01,1087743,104.01
2015-12-04,103.04,105.5,102.63,104.61,2612695,104.61
2015-12-03,104.77,104.99,99.81,102.42,2635976,102.42
2015-12-02,105.03,105.65,104.29,104.82,1036080,104.82
2015-12-01,103.07,104.43,102.46,103.99,1300436,103.99
2015-11-30,103.11,103.77,102.89,103.0,1696866,103.0
2015-11-27,103.33,103.555,102.61,103.0,465139,103.0
2015-11-25,102.79,103.32,102.17,102.79,496898,102.79
2015-11-24,102.86,103.3,102.36,102.82,1008165,102.82
2015-11-23,103.59,104.365,102.5,102.85,922055,102.85
2015-11-20,104.01,104.44,102.79,103.59,880082,103.59
2015-11-19,104.52,104.82,102.9,103.47,829955,103.47
2015-11-18,105.02,105.5,103.39,104.13,1066692,104.13
2015-11-17,104.86,105.57,103.8479,104.02,1445618,104.02
2015-11-16,101.54,105.3,100.651,104.93,1401359,104.93
2015-11-13,102.88,102.88,100.32,101.97,2699914,101.97
2015-11-12,107.32,108.51,106.14,106.31,1138194,106.31
2015-11-11,107.34,108.57,106.82,107.87,982531,107.87
2015-11-10,109.34,109.6,106.8,107.38,1462107,107.38
2015-11-09,109.26,109.8646,108.68,109.5,1059910,109.5
2015-11-06,109.46,110.16,108.22,109.67,1401492,109.67
2015-11-05,111.05,111.72,109.01,109.6,1180958,109.6
2015-11-04,112.76,113.8,110.77,111.01,925250,111.01
2015-11-03,110.56,113.77,109.8,112.78,1975848,112.78
2015-11-02,109.0,110.68,108.24,110.65,2289206,110.65
2015-10-30,110.43,111.1607,109.61,110.2,1464538,110.2
2015-10-29,108.02,114.25,108.0,110.08,6291670,110.08
2015-10-28,120.79,121.75,118.64,121.34,1606105,121.34
2015-10-27,119.83,121.06,119.05,120.29,1144591,120.29
2015-10-26,119.5,120.54,118.25,119.94,792005,119.94
2015-10-23,121.63,122.0,119.32,119.5,855154,119.5
2015-10-22,117.99,121.26,117.99,120.54,909308,120.54
2015-10-21,120.35,120.55,116.96,117.07,963819,117.07
2015-10-20,117.49,120.09,117.34,119.98,1188946,119.98
2015-10-19,118.52,119.3,116.7,118.51,746330,118.51
2015-10-16,117.13,119.0,116.13,118.31,1009674,118.31
2015-10-15,117.89,118.7,116.42,116.63,1280632,116.63
2015-10-14,120.38,120.41,117.16,117.47,1125977,117.47
2015-10-13,119.37,121.5,118.5,120.62,601446,120.62
2015-10-12,119.67,119.81,118.72,119.4,523117,119.4
2015-10-09,119.12,120.36,117.83,119.27,734247,119.27
2015-10-08,118.18,119.84,115.0568,118.93,822834,118.93
2015-10-07,118.9,119.02,114.89,118.61,1349126,118.61
2015-10-06,117.03,119.67,116.02,117.96,1749556,117.96
2015-10-05,120.65,123.25,120.65,122.94,921081,122.94
2015-10-02,115.38,120.01,115.2001,119.83,1134083,119.83
2015-10-01,115.97,117.45,115.23,116.97,926867,116.97
2015-09-30,115.89,117.49,114.49,115.8,832814,115.8
2015-09-29,114.5,115.28,113.62,115.0,928612,115.0
2015-09-28,113.86,115.44,113.24,114.08,1043038,114.08
2015-09-25,115.06,115.9599,113.872,114.77,1219858,114.77
2015-09-24,113.24,116.35,111.99,115.87,1162478,115.87
2015-09-23,112.81,114.43,112.15,113.9,686369,113.9
2015-09-22,113.05,113.6,111.4301,113.3,1107599,113.3
2015-09-21,115.61,117.369,114.7,115.81,739417,115.81
2015-09-18,116.87,118.15,114.81,115.18,1367216,115.18
2015-09-17,119.12,120.21,117.82,118.22,538861,118.22
2015-09-16,118.03,119.44,117.87,119.12,479841,119.12
2015-09-15,117.59,119.07,117.19,118.17,686010,118.17
2015-09-14,118.07,118.65,116.685,117.09,800245,117.09
2015-09-11,119.24,119.45,117.035,118.17,1367465,118.17
2015-09-10,119.74,120.97,118.81,119.74,727105,119.74
2015-09-09,122.77,123.22,119.61,119.89,502913,119.89
2015-09-08,120.66,121.76,119.8,121.71,481600,121.71
2015-09-04,119.58,120.68,118.47,118.84,582576,118.84
2015-09-03,121.25,122.42,120.79,121.24,738619,121.24
2015-09-02,120.05,121.01,118.4,121.0,1218173,121.0
2015-09-01,118.76,121.09,117.96,118.39,1119402,118.39
2015-08-31,121.73,123.28,121.35,121.41,636630,121.41
2015-08-28,122.15,123.68,120.63,122.97,759114,122.97
2015-08-27,123.4,125.66,120.29,122.79,1144223,122.79
2015-08-26,120.61,122.64,118.3,122.45,1127460,122.45
2015-08-25,120.42,123.8397,117.42,117.47,1197906,117.47
2015-08-24,117.38,122.0,112.43,117.47,1907100,117.47
2015-08-21,125.61,126.82,122.5,122.51,1402452,122.51
2015-08-20,131.53,131.586,126.45,126.56,1233476,126.56
2015-08-19,132.99,133.77,132.16,132.75,590695,132.75
2015-08-18,134.0,134.17,132.715,133.0,613408,133.0
2015-08-17,132.14,134.27,131.5,133.86,699386,133.86
2015-08-14,131.91,132.83,130.555,132.61,539052,132.61
2015-08-13,132.89,134.28,131.59,131.63,550775,131.63
2015-08-12,130.35,133.08,129.33,132.71,724011,132.71
2015-08-11,131.61,133.57,130.83,131.37,817841,131.37
2015-08-10,131.22,132.45,130.51,132.34,572048,132.34
2015-08-07,129.93,130.79,128.4,130.36,701510,130.36
2015-08-06,132.2,132.88,129.53,129.85,885367,129.85
2015-08-05,132.18,133.51,131.5,132.2,718497,132.2
2015-08-04,130.62,132.23,130.6,131.36,815747,131.36
2015-08-03,130.99,132.74,130.14,131.2,1184786,131.2
2015-07-31,134.5,135.2,133.19,134.14,1270777,134.14
2015-07-30,132.25,134.57,131.508,134.31,1007839,134.31
2015-07-29,131.79,132.73,129.87,132.49,1194203,132.49
2015-07-28,128.68,132.2,127.35,131.52,1624502,131.52
2015-07-27,126.91,129.24,126.36,127.81,1190871,127.81
2015-07-24,128.01,129.05,127.33,127.49,1136943,127.49
2015-07-23,128.38,130.25,126.1,127.68,3245491,127.68
2015-07-22,117.31,119.6,116.855,118.5,1820941,118.5
2015-07-21,116.1,118.6,116.1,118.27,835425,118.27
2015-07-20,116.62,117.0,115.88,116.26,719063,116.26
2015-07-17,117.9,117.97,115.54,116.28,725303,116.28
2015-07-16,118.13,119.01,117.015,117.93,569712,117.93
2015-07-15,118.5,118.79,117.65,117.85,825622,117.85
2015-07-14,117.7,118.69,117.6001,118.25,835626,118.25
2015-07-13,116.71,117.28,116.1901,116.99,623479,116.99
2015-07-10,116.91,117.33,114.51,116.39,1015842,116.39
2015-07-09,119.32,119.9775,115.33,115.35,1227059,115.35
2015-07-08,117.57,119.08,117.47,117.84,1018436,117.84
2015-07-07,118.42,118.9,116.38,118.32,777878,118.32
2015-07-06,118.76,119.0,115.04,117.55,1794460,117.55
2015-07-02,120.65,121.15,119.7001,120.44,470416,120.44
2015-07-01,121.08,121.255,119.65,120.26,726948,120.26
2015-06-30,118.58,121.6,118.56,120.35,673367,120.35
2015-06-29,120.93,122.48,119.93,120.05,1103829,120.05
2015-06-26,126.69,126.69,122.77,123.57,1069293,123.57
2015-06-25,126.11,127.44,125.65,126.55,669758,126.55
2015-06-24,127.84,127.8495,125.79,126.04,509389,126.04
2015-06-23,128.0,128.0,126.635,127.54,524471,127.54
2015-06-22,127.72,127.88,126.4,127.88,634399,127.88
2015-06-19,126.88,127.21,125.96,126.92,733870,126.92
2015-06-18,126.92,127.75,126.35,126.94,797370,126.94
2015-06-17,126.67,127.35,125.72,126.48,478027,126.48
2015-06-16,126.15,126.79,125.81,126.32,533552,126.32
2015-06-15,124.64,126.0,123.9,125.81,669652,125.81
2015-06-12,126.15,126.2,125.08,125.19,671550,125.19
2015-06-11,127.56,127.9,126.39,126.48,588905,126.48
2015-06-10,125.37,127.13,124.845,126.93,570199,126.93
2015-06-09,124.96,125.05,123.67,124.69,584059,124.69
2015-06-08,124.51,125.43,124.05,124.85,708224,124.85
2015-06-05,124.68,124.735,123.71,124.52,800799,124.52
2015-06-04,125.63,126.81,124.43,124.58,1956360,124.58
2015-06-03,124.88,126.76,124.55,126.25,816901,126.25
2015-06-02,125.08,126.7,123.71,125.26,1238970,125.26
2015-06-01,124.4,125.78,123.54,125.11,869062,125.11
2015-05-29,126.45,126.77,125.06,125.69,1036790,125.69
2015-05-28,126.13,126.965,125.56,126.83,854698,126.83
2015-05-27,126.53,126.53,125.16,125.96,897951,125.96
2015-05-26,126.92,126.92,124.79,126.08,804458,126.08
2015-05-22,126.65,127.12,126.2,126.77,388194,126.77
2015-05-21,126.77,127.375,126.26,126.9,622852,126.9
2015-05-20,127.13,127.39,126.42,126.96,622581,126.96
2015-05-19,127.76,127.99,126.58,126.93,579308,126.93
2015-05-18,127.14,127.7,125.53,127.35,671507,127.35
2015-05-15,127.84,128.08,126.87,127.79,580613,127.79
2015-05-14,127.0,127.68,125.96,127.6,791645,127.6
2015-05-13,124.98,126.72,124.83,126.24,849854,126.24
2015-05-12,125.42,125.54,124.11,125.03,640717,125.03
2015-05-11,126.21,126.6,125.33,126.28,887757,126.28
2015-05-08,125.0,126.5,124.7,126.05,752307,126.05
2015-05-07,123.36,124.89,122.01,124.43,783556,124.43
2015-05-06,122.77,123.37,121.28,122.98,889507,122.98
2015-05-05,123.74,123.98,121.52,121.96,811968,121.96
2015-05-04,121.8,124.62,121.6,124.41,863662,124.41
2015-05-01,122.28,123.9,121.81,123.37,845121,123.37
2015-04-30,123.33,123.65,121.61,122.02,1062610,122.02
2015-04-29,125.47,125.85,123.22,123.75,1326553,123.75
2015-04-28,123.37,126.18,122.5005,125.59,1296532,125.59
2015-04-27,123.42,124.14,122.97,123.47,1041010,123.47
2015-04-24,123.92,123.92,120.49,123.18,1615860,123.18
2015-04-23,117.71,125.78,117.51,122.4,3332530,122.4
2015-04-22,119.43,120.528,118.56,120.42,1742310,120.42
2015-04-21,118.25,119.24,118.04,118.93,1113930,118.93
2015-04-20,116.97,117.67,115.83,117.43,1371476,117.43
2015-04-17,117.12,117.59,115.42,116.22,2991944,116.22
2015-04-16,116.84,118.67,116.42,118.09,834946,118.09
2015-04-15,113.82,117.57,113.47,117.11,1422456,117.11
2015-04-14,113.44,114.55,113.24,113.34,901810,113.34
2015-04-13,113.95,115.79,113.46,113.64,1100671,113.64
2015-04-10,114.89,116.01,113.52,113.82,1932792,113.82
2015-04-09,113.86,116.82,113.3,116.09,1244622,116.09
2015-04-08,112.93,114.41,112.58,113.43,1223449,113.43
2015-04-07,112.08,113.88,111.81,113.12,1108709,113.12
2015-04-06,113.01,113.41,111.33,111.74,1437076,111.74
2015-04-02,114.21,114.75,113.41,113.71,699447,113.71
2015-04-01,114.61,114.86,113.5,114.31,892894,114.31
2015-03-31,114.88,115.46,114.11,114.94,759835,114.94
2015-03-30,114.13,115.385,113.22,115.26,714494,115.26
2015-03-27,112.72,114.2,112.01,113.87,700353,113.87
2015-03-26,112.07,112.92,111.07,112.23,830864,112.23
2015-03-25,114.93,115.55,112.89,112.9,1246907,112.9
2015-03-24,115.7,116.05,114.37,115.02,1127395,115.02
2015-03-23,116.69,116.88,115.26,115.42,897018,115.42
2015-03-20,115.18,116.49,114.54,116.35,1587814,116.35
2015-03-19,114.8,116.16,114.5,114.56,1034857,114.56
2015-03-18,112.35,114.85,111.5427,114.27,853590,114.27
2015-03-17,112.59,113.24,111.98,112.585,566284,112.585
2015-03-16,113.31,113.97,112.44,113.265,983794,113.265
2015-03-13,113.24,113.24,111.42,112.36,1007486,112.36
2015-03-12,113.76,113.76,111.9,113.04,1014901,113.04
2015-03-11,112.59,113.37,111.75,112.9,818505,112.9
2015-03-10,113.9,114.225,112.29,112.29,1111037,112.29
2015-03-09,115.56,115.83,112.96,114.83,1841170,114.83
2015-03-06,118.8,119.68,117.62,117.96,1074792,117.96
2015-03-05,119.73,119.97,118.98,119.22,843829,119.22
2015-03-04,119.28,119.55,118.5,119.24,761478,119.24
2015-03-03,119.31,119.31,117.7,119.01,1052220,119.01
2015-03-02,118.56,119.56,117.421,119.56,651486,119.56
2015-02-27,119.22,120.06,118.02,118.115,665638,118.115
2015-02-26,119.19,120.37,118.2,119.04,663356,119.04
2015-02-25,119.39,120.66,118.24,118.83,919693,118.83
2015-02-24,118.53,119.73,118.0,119.595,741854,119.595
2015-02-23,119.82,119.82,117.85,118.53,671340,118.53
2015-02-20,117.95,119.82,117.18,119.36,739819,119.36
2015-02-19,117.21,118.84,116.37,118.32,672298,118.32
2015-02-18,116.44,118.08,115.89,117.62,892082,117.62
2015-02-17,116.87,117.6,115.05,116.43,894613,116.43
2015-02-13,115.5,116.82,114.72,116.635,778532,116.635
2015-02-12,114.71,115.78,114.04,115.27,1051189,115.27
2015-02-11,113.12,114.56,112.44,113.77,1100790,113.77
2015-02-10,111.2,113.31,110.53,112.86,1150869,112.86
2015-02-09,111.78,112.49,110.35,110.45,831572,110.45
2015-02-06,111.24,112.8,110.5901,111.99,1087837,111.99
2015-02-05,110.04,111.22,109.19,111.08,1352060,111.08
2015-02-04,112.18,112.62,109.72,110.1,1627125,110.1
2015-02-03,112.61,113.55,110.84,112.35,1004896,112.35
2015-02-02,110.29,112.9,110.1,112.61,1311060,112.61
2015-01-30,113.23,114.73,111.38,111.62,1074458,111.62
2015-01-29,112.57,114.49,111.62,113.98,1348680,113.98
2015-01-28,114.67,115.14,112.84,112.84,1895215,112.84
2015-01-27,112.7,114.63,112.05,113.19,1201324,113.19
2015-01-26,114.55,114.87,111.85,114.3,1497592,114.3
2015-01-23,113.15,115.3,112.5,114.85,2107075,114.85
2015-01-22,108.65,114.62,108.6,113.4,9268864,113.4
2015-01-21,126.75,127.67,125.12,125.95,3366825,125.95
2015-01-20,127.26,127.3,125.2,126.25,1019422,126.25
2015-01-16,124.46,126.45,123.965,126.29,790916,126.29
2015-01-15,126.6,127.67,124.11,124.22,870722,124.22
2015-01-14,125.06,126.05,122.11,125.6,1375211,125.6
2015-01-13,128.67,132.22,127.49,128.67,850536,128.67
2015-01-12,130.45,130.45,127.38,127.92,665700,127.92
2015-01-09,129.82,130.5474,128.31,129.89,722494,129.89
2015-01-08,129.8,131.07,128.73,129.65,1096842,129.65
2015-01-07,127.55,129.43,127.26,128.35,666040,128.35
2015-01-06,128.0,129.47,126.69,126.73,960594,126.73
2015-01-05,132.19,132.99,128.965,129.76,1355451,129.76
2015-01-02,131.72,132.4,128.439,130.33,499664,130.33
2014-12-31,133.13,133.62,130.37,130.465,437608,130.465
2014-12-30,133.01,134.42,132.62,132.71,439605,132.71
2014-12-29,133.32,134.48,132.8601,133.82,384260,133.82
2014-12-26,135.69,135.98,133.46,133.66,355407,133.66
2014-12-24,133.96,136.11,133.76,135.11,273204,135.11
2014-12-23,133.82,134.98,132.4255,133.94,525931,133.94
2014-12-22,132.94,133.43,132.26,132.97,776638,132.97
2014-12-19,133.4,135.0,132.18,132.75,3759413,132.75
2014-12-18,132.56,132.85,130.78,132.84,596547,132.84
2014-12-17,128.5,130.39,127.48,129.95,620280,129.95
2014-12-16,130.62,131.5,128.18,128.27,682308,128.27
2014-12-15,130.77,131.27,128.411,130.26,953887,130.26
2014-12-12,130.91,131.96,130.07,130.545,796920,130.545
2014-12-11,131.7,133.7,131.7,132.38,658762,132.38
2014-12-10,132.25,133.7,130.47,130.71,789045,130.71
2014-12-09,130.37,132.36,128.58,132.21,622389,132.21
2014-12-08,133.0,133.23,130.54,131.29,766273,131.29
2014-12-05,132.31,133.26,131.69,133.26,670784,133.26
2014-12-04,130.92,132.58,130.4828,132.31,721823,132.31
2014-12-03,127.76,131.39,127.76,130.95,823423,130.95
2014-12-02,127.51,129.25,126.47,128.73,534342,128.73
2014-12-01,129.61,129.61,126.83,128.07,786552,128.07
2014-11-28,129.45,130.5799,128.53,129.19,502081,129.19
2014-11-26,130.21,130.64,128.65,129.09,763377,129.09
2014-11-25,130.3,130.86,129.17,130.17,852020,130.17
2014-11-24,129.13,130.34,128.47,130.21,664377,130.21
2014-11-21,129.49,129.7299,127.94,128.73,1158818,128.73
2014-11-20,126.41,127.99,124.6,127.97,904639,127.97
2014-11-19,128.11,128.15,126.08,126.39,644631,126.39
2014-11-18,127.92,128.85,127.51,127.84,622677,127.84
2014-11-17,128.83,128.83,126.49,127.86,911031,127.86
2014-11-14,126.5,128.93,124.76,128.88,1315250,128.88
2014-11-13,126.03,126.52,125.23,126.15,639612,126.15
2014-11-12,125.64,126.29,124.63,125.76,725610,125.76
2014-11-11,127.12,127.705,125.85,126.57,697561,126.57
2014-11-10,126.66,127.15,124.25,126.59,816225,126.59
2014-11-07,125.22,126.69,124.2,126.66,907134,126.66
2014-11-06,125.66,126.35,125.01,125.21,883822,125.21
2014-11-05,126.65,126.65,124.58,125.42,968188,125.42
2014-11-04,124.88,126.65,124.4,125.64,1386368,125.64
2014-11-03,122.0,125.435,122.0,124.37,1313258,124.37
2014-10-31,123.89,124.0,122.01,122.98,1356826,122.98
2014-10-30,123.0,123.83,120.01,121.78,3487107,121.78
2014-10-29,119.41,119.9576,115.68,117.12,2197567,117.12
2014-10-28,116.57,120.49,115.53,120.25,911743,120.25
2014-10-27,114.83,116.05,113.53,115.59,790146,115.59
2014-10-24,114.75,115.62,113.37,114.9,876150,114.9
2014-10-23,114.5,115.81,113.72,114.57,880797,114.57
2014-10-22,116.3,116.96,112.67,112.74,977873,112.74
2014-10-21,113.46,116.89,112.97,116.61,815356,116.61
2014-10-20,113.02,113.31,110.75,112.88,1113160,112.88
2014-10-17,111.25,114.5191,110.8,113.7,1091984,113.7
2014-10-16,108.0,110.08,107.5,109.74,924102,109.74
2014-10-15,107.74,111.94,107.22,110.3,1138474,110.3
2014-10-14,112.76,112.76,108.29,109.82,1188642,109.82
2014-10-13,107.22,112.36,106.82,109.105,2041917,109.105
2014-10-10,113.47,113.55,106.86,107.11,2759614,107.11
2014-10-09,118.12,118.89,114.68,115.31,1489545,115.31
2014-10-08,117.76,119.33,114.53,119.03,1155615,119.03
2014-10-07,120.95,120.95,117.79,117.91,1033661,117.91
2014-10-06,122.71,123.375,121.436,122.16,732031,122.16
2014-10-03,121.0,123.55,120.78,122.65,1085668,122.65
2014-10-02,117.02,119.21,116.49,118.71,745552,118.71
2014-10-01,118.5,118.64,116.3,117.08,1036051,117.08
2014-09-30,119.4,120.04,118.13,118.74,713890,118.74
2014-09-29,118.38,119.59,117.6001,119.16,755420,119.16
2014-09-26,120.08,121.51,120.08,121.04,574246,121.04
2014-09-25,122.27,122.45,119.0601,119.71,564657,119.71
2014-09-24,120.7,122.12,120.36,122.08,764695,122.08
2014-09-23,121.58,122.09,120.47,120.52,1039820,120.52
2014-09-22,124.24,124.72,121.62,122.2,875988,122.2
2014-09-19,128.25,128.3,124.32,124.84,1544904,124.84
2014-09-18,126.13,127.82,125.61,127.64,838612,127.64
2014-09-17,125.69,126.885,124.97,125.44,708120,125.44
2014-09-16,123.22,126.15,123.21,125.82,616594,125.82
2014-09-15,126.12,126.72,123.69,123.87,718798,123.87
2014-09-12,125.7,125.98,124.31,125.08,786476,125.08
2014-09-11,125.43,127.04,125.218,126.12,923444,126.12
2014-09-10,123.66,125.24,122.31,125.19,819266,125.19
2014-09-09,123.42,124.82,122.91,123.03,871749,123.03
2014-09-08,123.56,124.89,123.37,123.83,721402,123.83
2014-09-05,122.94,124.37,122.79,123.71,618275,123.71
2014-09-04,123.89,124.42,122.86,123.0,676749,123.0
2014-09-03,125.73,126.1,123.79,123.91,741214,123.91
2014-09-02,124.5,125.99,124.21,125.73,653884,125.73
2014-08-29,124.22,124.55,123.21,124.19,528533,124.19
2014-08-28,123.29,124.31,122.395,123.66,803293,123.66
2014-08-27,124.36,124.8,123.38,123.66,482602,123.66
2014-08-26,121.99,124.37,121.71,123.86,916532,123.86
2014-08-25,122.27,123.0,121.05,121.55,672645,121.55
2014-08-22,122.45,122.615,121.01,121.64,672295,121.64
2014-08-21,123.59,123.59,121.62,122.09,913833,122.09
2014-08-20,121.45,123.25,119.62,122.57,2911763,122.57
2014-08-19,116.67,120.58,116.6,120.02,1563051,120.02
2014-08-18,114.95,117.31,114.72,116.57,689120,116.57
2014-08-15,115.45,115.86,113.1,114.01,747208,114.01
2014-08-14,115.32,115.32,113.98,114.68,570028,114.68
2014-08-13,114.44,115.36,113.83,115.07,496570,115.07
2014-08-12,116.8,116.93,113.09,113.66,1176537,113.66
2014-08-11,114.9,117.74,114.8459,116.76,1537487,116.76
2014-08-08,112.29,114.73,111.01,114.33,826464,114.33
2014-08-07,114.5,114.5,112.34,112.48,738668,112.48
2014-08-06,114.2,115.18,113.02,114.03,808575,114.03
2014-08-05,111.78,114.31,111.5,113.76,1048823,113.76
2014-08-04,111.2,112.96,111.17,112.38,936708,112.38
2014-08-01,109.0101,113.37,109.0101,112.2,1126619,112.2
2014-07-31,114.86,114.86,112.47,112.59,1365727,112.59
2014-07-30,114.94,116.11,114.575,115.67,1129347,115.67
2014-07-29,113.44,114.97,113.31,114.29,1072484,114.29
2014-07-28,112.17,114.135,108.0251,113.31,885710,113.31
2014-07-25,113.08,113.37,112.18,112.41,980668,112.41
2014-07-24,112.5,117.77,112.32,113.23,4459047,113.23
2014-07-23,110.51,112.03,110.31,110.81,1469610,110.81
2014-07-22,109.92,112.65,109.21,112.12,928198,112.12
2014-07-21,110.09,110.52,108.8,109.2,925181,109.2
2014-07-18,109.81,110.78,109.314,110.19,872448,110.19
2014-07-17,109.27,111.18,109.09,109.42,795535,109.42
2014-07-16,111.57,111.98,109.43,109.69,979346,109.69
2014-07-15,111.06,111.9,109.57,110.72,1661740,110.72
2014-07-14,109.49,112.81,109.211,109.84,1183384,109.84
2014-07-11,110.858,112.06,109.74,110.2,1241910,110.2
2014-07-10,109.6,112.17,109.2,111.29,749642,111.29
2014-07-09,110.0,112.68,109.655,111.75,835085,111.75
2014-07-08,111.94,112.22,108.2,109.16,1422410,109.16
2014-07-07,111.36,114.58,111.29,112.24,820368,112.24
2014-07-03,111.79,112.63,111.59,112.36,295844,112.36
2014-07-02,111.95,112.71,111.16,111.51,631793,111.51
2014-07-01,112.0,112.92,111.4501,112.186,646741,112.186
2014-06-30,110.93,112.48,110.66,111.44,852636,111.44
2014-06-27,107.49,111.25,107.3301,111.11,2000493,111.11
2014-06-26,109.1,109.53,106.57,107.16,1105248,107.16
2014-06-25,108.94,109.83,108.37,108.89,749480,108.89
2014-06-24,108.9,110.83,108.64,109.46,1207082,109.46
2014-06-23,109.05,109.26,108.5,108.81,766894,108.81
2014-06-20,109.09,109.36,108.165,108.81,1666708,108.81
2014-06-19,112.97,113.26,109.25,109.52,1488583,109.52
2014-06-18,113.18,113.72,110.85,112.54,1125014,112.54
2014-06-17,112.99,114.14,112.81,113.56,484356,113.56
2014-06-16,111.76,113.8,111.746,113.36,787885,113.36
2014-06-13,111.63,112.54,111.04,112.3,599537,112.3
2014-06-12,112.19,112.64,111.0,111.54,618771,111.54
2014-06-11,111.96,113.39,111.85,112.37,529933,112.37
2014-06-10,111.55,112.83,111.09,112.59,780502,112.59
2014-06-09,111.76,112.39,111.08,111.37,1001611,111.37
2014-06-06,111.22,112.5,110.58,111.36,641225,111.36
2014-06-05,109.44,111.45,108.795,110.94,975978,110.94
2014-06-04,109.5,111.0,108.73,108.98,1039161,108.98
2014-06-03,108.37,110.5,108.215,110.07,811922,110.07
2014-06-02,108.93,109.77,107.7,109.57,850702,109.57
2014-05-30,110.66,110.66,108.31,108.55,1041523,108.55
2014-05-29,109.08,110.48,108.33,110.45,685107,110.45
2014-05-28,109.86,110.75,108.17,108.49,1051855,108.49
2014-05-27,108.17,109.97,107.65,109.68,980797,109.68
2014-05-23,107.53,108.32,106.46,107.75,2093563,107.75
2014-05-22,106.82,108.65,106.51,107.63,887537,107.63
2014-05-21,106.0,107.28,105.64,106.99,854918,106.99
2014-05-20,106.66,107.16,104.98,105.92,944152,105.92
2014-05-19,102.81,107.62,102.6,107.2201,1625184,107.2201
2014-05-16,102.85,103.0496,100.73,102.62,919545,102.62
2014-05-15,104.11,104.5,101.16,103.26,1241248,103.26
2014-05-14,104.83,105.118,103.26,103.43,802079,103.43
2014-05-13,105.39,105.5,103.96,104.82,775348,104.82
2014-05-12,102.35,105.8475,101.65,105.44,1214760,105.44
2014-05-09,101.42,102.82,99.96,102.71,1124734,102.71
2014-05-08,100.73,103.38,99.93,101.33,1108302,101.33
2014-05-07,103.01,103.31,99.95,100.91,1959449,100.91
2014-05-06,103.8,104.32,103.05,103.16,1102779,103.16
2014-05-05,103.1,104.24,102.74,103.83,1198277,103.83
2014-05-02,105.27,106.99,103.6,103.72,1753337,103.72
2014-05-01,104.65,107.33,104.29,106.7,1634962,106.7
2014-04-30,104.93,105.82,103.98,105.17,1651700,105.17
2014-04-29,102.97,105.74,102.08,105.27,1873394,105.27
2014-04-28,103.85,104.24,99.26,102.34,1803857,102.34
2014-04-25,105.33,105.88,102.89,103.52,1235288,103.52
2014-04-24,112.84,112.84,104.03,105.98,2950233,105.98
2014-04-23,109.0,109.0,106.51,108.19,1552137,108.19
2014-04-22,108.86,110.358,107.8,109.22,851228,109.22
2014-04-21,108.42,109.44,106.87,108.77,1128518,108.77
2014-04-17,108.31,108.7,106.46,108.4,1042681,108.4
2014-04-16,108.39,109.43,106.35,108.31,880838,108.31
2014-04-15,106.76,108.5,104.661,107.73,1519353,107.73
2014-04-14,105.79,109.45,105.3304,107.05,2178689,107.05
2014-04-11,103.39,105.39,102.51,103.01,1473377,103.01
2014-04-10,109.49,109.53,103.837,104.28,1713215,104.28
2014-04-09,107.58,109.92,106.92,109.749,1448589,109.749
2014-04-08,105.19,108.12,104.9,107.45,1662210,107.45
2014-04-07,104.13,106.74,103.69,105.35,1700532,105.35
2014-04-04,107.31,108.1,103.3,104.44,3244625,104.44
2014-04-03,109.15,109.23,106.41,106.97,1501383,106.97
2014-04-02,109.52,110.47,108.35,109.23,1170018,109.23
2014-04-01,107.05,110.83,107.05,109.66,1637724,109.66
2014-03-31,106.2,107.43,105.984,106.63,2051005,106.63
2014-03-28,106.68,107.7401,104.03,105.14,1339738,105.14
2014-03-27,104.33,108.09,103.14,106.31,1918682,106.31
2014-03-26,109.59,110.0,103.83,104.65,2003131,104.65
2014-03-25,108.75,111.0,107.19,108.83,1349476,108.83
2014-03-24,112.64,112.76,107.0,107.87,2103802,107.87
2014-03-21,115.19,115.19,112.19,112.83,1854413,112.83
2014-03-20,112.63,114.85,112.19,114.09,1092132,114.09
2014-03-19,111.49,114.84,111.07,113.46,1768327,113.46
2014-03-18,110.24,111.54,109.84,110.78,893289,110.78
2014-03-17,108.15,111.1,107.87,110.37,1567559,110.37
2014-03-14,107.53,109.13,107.05,107.47,1511724,107.47
2014-03-13,111.74,112.07,106.5,107.5,2488500,107.5
2014-03-12,111.31,112.23,110.78,111.62,1236090,111.62
2014-03-11,112.95,114.85,111.44,111.93,1545890,111.93
2014-03-10,113.92,114.92,111.5,111.97,1430833,111.97
2014-03-07,115.95,116.707,113.97,114.78,1733701,114.78
2014-03-06,114.24,115.1,112.25,114.77,1107092,114.77
2014-03-05,113.33,115.54,112.5901,114.66,1406487,114.66
2014-03-04,112.77,113.53,111.94,113.12,1019978,113.12
2014-03-03,110.3,111.59,108.54,111.18,1560198,111.18
2014-02-28,114.86,114.86,111.07,112.34,1749352,112.34
2014-02-27,113.36,114.86,112.56,114.51,1165982,114.51
2014-02-26,110.41,114.76,110.03,113.89,1719253,113.89
2014-02-25,112.45,113.0,109.76,110.22,991763,110.22
2014-02-24,110.27,113.77,110.2101,111.91,1097902,111.91
2014-02-21,112.5,112.99,109.7,110.28,1357016,110.28
2014-02-20,109.82,111.3,108.92,110.52,1073952,110.52
2014-02-19,112.23,112.59,109.43,109.65,1497480,109.65
2014-02-18,111.69,112.49,111.35,112.12,1057451,112.12
2014-02-14,111.84,112.41,111.0,111.91,1078568,111.91
2014-02-13,110.25,111.75,108.8,111.74,2374453,111.74
2014-02-12,112.5,114.25,111.07,111.55,2177053,111.55
2014-02-11,109.33,112.59,109.03,112.26,2553070,112.26
2014-02-10,107.5,110.65,107.43,109.5,1764627,109.5
2014-02-07,106.82,107.4,105.37,107.28,1628131,107.28
2014-02-06,104.0,106.76,103.99,106.07,1453097,106.07
2014-02-05,105.63,105.95,102.24,103.95,2231400,103.95
2014-02-04,105.26,107.0,104.64,106.47,2289394,106.47
2014-02-03,104.58,106.7,103.82,104.93,2649217,104.93
2014-01-31,109.69,109.69,106.5,107.02,2797771,107.02
2014-01-30,108.25,110.8999,107.25,109.95,2248694,109.95
2014-01-29,107.18,109.08,106.72,107.48,2955473,107.48
2014-01-28,106.23,110.42,106.06,109.74,3910608,109.74
2014-01-27,105.23,108.14,104.71,106.5,3837373,106.5
2014-01-24,102.17,106.12,101.0,104.91,4519145,104.91
2014-01-23,107.99,109.0,102.39,102.49,7226211,102.49
2014-01-22,98.0,98.87,97.16,97.48,3000821,97.48
2014-01-21,97.83,98.65,97.37,98.2,2166944,98.2
2014-01-17,97.51,97.75,96.4,96.92,1440715,96.92
2014-01-16,97.44,98.18,96.91,97.75,1152224,97.75
2014-01-15,95.0,98.17,94.71,97.5,2483945,97.5
2014-01-14,92.22,94.98,91.9927,94.52,2215039,94.52
2014-01-13,91.08,93.5,90.72,92.01,4485123,92.01
2014-01-10,88.33,88.54,87.56,88.52,940984,88.52
2014-01-09,89.74,89.74,87.47,88.06,1064618,88.06
2014-01-08,89.62,90.57,88.52,89.37,1664003,89.37
2014-01-07,88.12,90.26,87.7,89.64,1728685,89.64
2014-01-06,89.26,89.65,87.52,87.78,1797954,87.78
2014-01-03,89.08,89.29,87.82,88.03,1068169,88.03
2014-01-02,90.42,90.47,88.445,88.89,1039619,88.89
2013-12-31,90.2,91.28,89.77,90.86,953133,90.86
2013-12-30,89.27,90.79,88.89,89.89,930199,89.89
2013-12-27,89.22,89.83,89.0,89.22,702076,89.22
2013-12-26,89.5,89.85,89.1049,89.28,905926,89.28
2013-12-24,89.5,89.95,89.33,89.44,533004,89.44
2013-12-23,88.5,89.845,87.915,89.51,2078008,89.51
2013-12-20,85.82,88.5,85.152,88.1,3314547,88.1
2013-12-19,83.58,85.53,83.58,84.98,1367106,84.98
2013-12-18,83.95,84.26,82.53,84.11,1435338,84.11
2013-12-17,83.73,85.14,83.63,84.25,1702899,84.25
2013-12-16,82.42,84.17,81.79,83.44,1962454,83.44
2013-12-13,82.4,82.4716,81.22,81.47,982508,81.47
2013-12-12,83.92,84.43,81.71,81.99,1493761,81.99
2013-12-11,85.5,85.5,84.14,84.24,1955520,84.24
2013-12-10,84.81,85.31,84.49,84.72,1162452,84.72
2013-12-09,83.94,85.61,83.69,85.18,1582342,85.18
2013-12-06,82.56,84.04,81.2,83.59,1772348,83.59
2013-12-05,82.62,82.839,81.48,81.5,1586268,81.5
2013-12-04,81.58,83.25,81.53,82.81,2270727,82.81
2013-12-03,81.36,82.27,81.25,82.08,1289910,82.08
2013-12-02,82.11,82.55,81.8,82.05,935319,82.05
2013-11-29,82.56,82.6815,81.78,82.26,625367,82.26
2013-11-27,81.88,82.65,81.36,82.38,1276076,82.38
2013-11-26,81.22,82.69,80.76,81.84,2178039,81.84
2013-11-25,82.97,83.01,80.82,80.9,1401722,80.9
2013-11-22,83.2,83.43,81.67,82.94,1229288,82.94
2013-11-21,82.07,83.18,81.6,82.912,920772,82.912
2013-11-20,82.29,83.32,81.39,81.56,906403,81.56
2013-11-19,83.71,83.9999,81.05,82.02,1785241,82.02
2013-11-18,84.74,85.41,83.78,83.89,1655438,83.89
2013-11-15,84.23,85.49,83.93,84.62,1673509,84.62
2013-11-14,83.32,85.12,82.06,84.05,2406149,84.05
2013-11-13,83.85,85.31,83.81,84.64,2070943,84.64
2013-11-12,83.5,84.87,83.5,84.13,1984163,84.13
2013-11-11,82.23,83.18,81.33,82.86,1577599,82.86
2013-11-08,80.37,82.13,80.34,82.02,1911866,82.02
2013-11-07,81.11,81.79,80.12,80.39,1618638,80.39
2013-11-06,80.34,81.42,79.8965,81.2,1598951,81.2
2013-11-05,79.6,80.56,79.11,79.74,1962877,79.74
2013-11-04,79.73,80.47,78.14,79.55,2533546,79.55
2013-11-01,81.47,81.899,78.74,79.43,7302872,79.43
2013-10-31,83.33,83.5,81.07,81.535,2738214,81.535
2013-10-30,84.64,84.7475,83.0,83.49,1326926,83.49
2013-10-29,84.5,85.32,83.16,84.16,2091883,84.16
2013-10-28,82.55,84.86,82.52,84.28,2697808,84.28
2013-10-25,85.5,85.88,82.36,82.709,3231447,82.709
2013-10-24,88.04,91.68,84.2,85.152,6636475,85.152
2013-10-23,90.49,90.83,85.58,86.31,5614058,86.31
2013-10-22,91.23,91.71,89.53,90.65,2046960,90.65
2013-10-21,88.18,90.12,88.01,90.11,1690818,90.11
2013-10-18,86.64,88.06,85.9249,87.81,1877457,87.81
2013-10-17,87.5,88.06,85.87,85.922,2228270,85.922
2013-10-16,88.36,88.6,87.411,88.52,1324914,88.52
2013-10-15,89.9,90.37,87.51,87.55,2005728,87.55
2013-10-14,89.62,90.59,88.98,90.21,1081200,90.21
2013-10-11,88.77,91.1,88.32,90.5,1105807,90.5
2013-10-10,87.73,89.4975,87.51,89.22,1529077,89.22
2013-10-09,89.27,89.89,86.02,87.9,1472360,87.9
2013-10-08,91.99,92.73,88.7,88.79,1782521,88.79
2013-10-07,90.86,93.25,90.5065,92.02,1592928,92.02
2013-10-04,89.89,91.68,89.5,91.54,1408613,91.54
2013-10-03,89.96,91.14,87.65,88.45,1245089,88.45
2013-10-02,88.18,89.96,87.94,89.88,1095530,89.88
2013-10-01,86.1,89.1,85.58,88.97,1533049,88.97
2013-09-30,86.0,86.87,85.31,85.808,964713,85.808
2013-09-27,87.46,87.98,86.3709,86.8,715197,86.8
2013-09-26,88.2,89.57,87.31,88.1,943508,88.1
2013-09-25,86.97,88.35,86.04,87.99,1130413,87.99
2013-09-24,87.49,87.966,86.05,87.07,2233838,87.07
2013-09-23,93.59,93.77,89.13,89.17,1795282,89.17
2013-09-20,94.33,94.66,93.33,93.618,1674228,93.618
2013-09-19,93.19,93.49,92.43,93.1,697538,93.1
2013-09-18,91.65,93.32,90.88,92.942,964692,92.942
2013-09-17,91.07,92.43,90.57,91.632,780829,91.632
2013-09-16,93.0,93.18,90.57,90.88,989019,90.88
2013-09-13,91.02,92.04,90.4,92.01,1166907,92.01
2013-09-12,91.94,92.288,90.575,90.63,1491068,90.63
2013-09-11,89.23,93.2,89.15,92.02,2209194,92.02
2013-09-10,88.88,90.22,88.4,89.96,1428359,89.96
2013-09-09,87.51,88.79,87.15,88.44,990216,88.44
2013-09-06,86.75,87.82,85.74,86.88,1214558,86.88
2013-09-05,85.43,87.18,85.28,86.52,1408931,86.52
2013-09-04,85.1,86.0,84.11,85.4,1160170,85.4
2013-09-03,84.22,86.11,84.161,85.02,1502788,85.02
2013-08-30,84.5,84.63,82.785,83.38,818661,83.38
2013-08-29,83.29,84.92,83.29,84.12,607680,84.12
2013-08-28,82.78,83.748,82.27,83.22,699794,83.22
2013-08-27,84.24,84.89,82.6,82.84,1445020,82.84
2013-08-26,86.86,87.395,85.67,85.86,844420,85.86
2013-08-23,88.22,88.3,86.66,87.1,1047999,87.1
2013-08-22,86.17,88.09,85.77,87.69,1206397,87.69
2013-08-21,86.08,86.76,85.25,85.38,1254303,85.38
2013-08-20,85.82,87.02,85.39,86.81,1037112,86.81
2013-08-19,87.86,88.11,85.63,85.7,1333906,85.7
2013-08-16,89.3,89.7199,87.46,87.49,1299663,87.49
2013-08-15,90.37,90.39,87.63,89.23,2386437,89.23
2013-08-14,92.39,93.65,92.25,92.5,906402,92.5
2013-08-13,92.57,93.69,91.72,93.0,1147604,93.0
2013-08-12,91.93,94.33,91.53,92.7,2668922,92.7
2013-08-09,89.93,91.17,89.69,89.88,1771097,89.88
2013-08-08,88.8,91.0,88.64,90.22,1799959,90.22
2013-08-07,88.42,89.58,87.6564,88.38,1535880,88.38
2013-08-06,88.78,89.07,88.03,88.46,1455624,88.46
2013-08-05,87.99,89.22,87.655,88.73,1473977,88.73
2013-08-02,87.82,88.5,87.02,88.45,1251666,88.45
2013-08-01,88.26,89.19,87.39,89.04,2085585,89.04
2013-07-31,88.0,88.379,86.84,87.8,1514553,87.8
2013-07-30,86.81,88.45,86.5711,87.89,1440766,87.89
2013-07-29,87.29,87.8399,85.6163,86.8,1178635,86.8
2013-07-26,86.76,88.2,86.34,87.65,2077550,87.65
2013-07-25,87.97,92.79,87.26,87.29,7381085,87.29
2013-07-24,81.69,82.49,80.81,81.42,2815872,81.42
2013-07-23,80.61,80.78,79.6,79.91,1133436,79.91
2013-07-22,81.6,81.6,79.88,80.34,1030365,80.34
2013-07-19,81.35,81.79,79.95,80.29,1426988,80.29
2013-07-18,80.96,82.55,80.41,81.74,1295563,81.74
2013-07-17,80.76,81.38,80.43,80.9,1129804,80.9
2013-07-16,81.47,82.0,79.77,80.43,1783283,80.43
2013-07-15,79.68,81.95,79.24,81.41,2776226,81.41
2013-07-12,77.38,79.83,76.86,79.79,3133101,79.79
2013-07-11,74.6,76.18,74.49,76.09,3204378,76.09
2013-07-10,69.44,72.34,69.36,71.95,3682412,71.95
2013-07-09,68.99,69.71,68.48,69.36,2158561,69.36
2013-07-08,69.55,69.69,68.22,68.52,1692871,68.52
2013-07-05,69.78,69.905,68.775,69.19,1692807,69.19
2013-07-03,68.53,69.9,68.4,69.32,1347847,69.32
2013-07-02,69.7,69.97,68.69,68.94,2427876,68.94
2013-07-01,70.0,70.46,69.3,69.61,1886860,69.61
2013-06-28,71.12,71.22,68.69,68.8,2876133,68.8
2013-06-27,68.8,70.15,68.58,70.05,1397894,70.05
2013-06-26,69.22,69.22,68.17,68.58,1201391,68.58
2013-06-25,68.67,69.29,67.84,68.5,1596087,68.5
2013-06-24,70.23,70.32,67.53,68.02,2239644,68.02
2013-06-21,71.9,72.35,70.02,70.92,2834175,70.92
2013-06-20,73.95,74.1199,72.03,72.32,1970199,72.32
2013-06-19,76.33,76.62,74.4,74.45,969926,74.45
2013-06-18,74.51,76.74,74.51,76.06,1095750,76.06
2013-06-17,74.6,75.31,74.05,74.53,1180915,74.53
2013-06-14,74.92,75.4599,73.66,73.99,1185922,73.99
2013-06-13,73.86,75.27,73.42,74.97,2132447,74.97
2013-06-12,75.92,76.07,73.67,74.1,1337274,74.1
2013-06-11,76.57,77.82,75.25,75.34,1244113,75.34
2013-06-10,78.18,78.61,76.67,77.47,1338279,77.47
2013-06-07,79.18,79.2,77.11,78.07,1385321,78.07
2013-06-06,78.12,79.05,77.47,79.0,1599970,79.0
2013-06-05,77.25,78.18,75.755,76.83,1685245,76.83
2013-06-04,79.31,80.0,76.74,77.32,1551670,77.32
2013-06-03,80.6,80.95,77.22,79.16,2903739,79.16
2013-05-31,83.64,84.3255,82.9001,83.21,1217217,83.21
2013-05-30,83.14,84.69,83.04,84.12,1250173,84.12
2013-05-29,83.31,83.725,82.37,83.29,1407270,83.29
2013-05-28,82.51,83.72,82.5,83.67,1229420,83.67
2013-05-24,80.72,81.78,80.08,81.56,802611,81.56
2013-05-23,81.19,81.59,80.134,81.22,964018,81.22
2013-05-22,83.09,84.5,81.65,82.02,1540646,82.02
2013-05-21,83.21,83.48,82.498,82.66,1169290,82.66
2013-05-20,82.18,83.55,81.4,82.88,1081356,82.88
2013-05-17,82.55,83.18,81.725,82.63,1310118,82.63
2013-05-16,82.57,86.219,82.005,82.6,2718977,82.6
2013-05-15,78.6,80.08,77.6,79.91,1792483,79.91
2013-05-14,78.5,79.13,77.52,78.86,1192906,78.86
2013-05-13,80.24,80.4099,78.22,78.34,1922149,78.34
2013-05-10,79.39,80.03,79.16,79.99,1279877,79.99
2013-05-09,78.78,79.87,78.22,79.17,1855522,79.17
2013-05-08,76.64,78.71,76.57,78.7,1647177,78.7
2013-05-07,78.22,79.0,76.71,76.96,1434218,76.96
2013-05-06,75.5,77.55,75.1,77.52,1364497,77.52
2013-05-03,75.65,76.04,75.045,75.37,1074261,75.37
2013-05-02,73.31,76.12,73.0,74.5,1938411,74.5
2013-05-01,76.1,76.32,73.77,74.12,1902680,74.12
2013-04-30,75.31,77.25,74.281,76.43,1675940,76.43
2013-04-29,74.27,77.03,73.65,75.96,1840323,75.96
2013-04-26,73.74,75.2,73.23,74.2,1626555,74.2
2013-04-25,76.68,81.3,74.31,74.89,5904691,74.89
2013-04-24,72.2,72.74,71.21,72.35,1745624,72.35
2013-04-23,71.71,72.98,71.71,72.33,1214037,72.33
2013-04-22,71.73,71.99,70.6,71.43,1311292,71.43
2013-04-19,72.47,72.48,71.145,71.38,1434729,71.38
2013-04-18,73.74,74.18,72.2,72.54,1068793,72.54
2013-04-17,73.45,74.64,72.98,73.49,1407657,73.49
2013-04-16,73.44,74.56,73.09,73.94,1263225,73.94
2013-04-15,74.57,75.13,72.8,73.0,1409131,73.0
2013-04-12,75.61,75.845,73.86,74.98,1418491,74.98
2013-04-11,73.38,76.76,72.96,75.9,2503194,75.9
2013-04-10,72.93,73.79,72.12,73.4,1959091,73.4
2013-04-09,72.75,73.43,72.07,72.45,2672241,72.45
2013-04-08,73.37,73.4,71.65,72.77,3425155,72.77
2013-04-05,73.33,75.79,71.95,73.21,12458325,73.21
2013-04-04,90.11,91.0,89.69,90.42,2113347,90.42
2013-04-03,90.75,92.57,89.88,90.52,1931253,90.52
2013-04-02,89.88,90.0,88.92,89.83,1542843,89.83
2013-04-01,88.84,89.39,87.61,87.91,861680,87.91
2013-03-28,88.43,89.807,87.83,89.08,1130206,89.08
2013-03-27,88.45,89.05,87.51,88.72,1426906,88.72
2013-03-26,87.84,88.0,87.03,87.57,807093,87.57
2013-03-25,87.44,88.15,86.97,87.48,1219220,87.48
2013-03-22,89.11,89.7,86.33,87.01,1803341,87.01
2013-03-21,90.0,91.2,88.66,89.03,1003286,89.03
2013-03-20,90.63,91.1,89.89,90.95,1056545,90.95
2013-03-19,90.34,90.3625,88.1,89.7,1261214,89.7
2013-03-18,89.53,90.44,87.97,90.24,1709176,90.24
2013-03-15,91.14,92.54,90.65,90.91,1866966,90.91
2013-03-14,93.0,93.095,91.07,91.31,2154955,91.31
2013-03-13,93.55,95.0,92.12,92.79,1262527,92.79
2013-03-12,94.43,95.2172,92.85,93.46,1145230,93.46
2013-03-11,93.9,94.87,93.4019,94.74,1049258,94.74
2013-03-08,94.68,95.4,93.79,94.01,1713771,94.01
2013-03-07,94.03,95.67,93.08,94.23,1315416,94.23
2013-03-06,94.02,94.4,92.71,93.11,869393,93.11
2013-03-05,93.27,93.94,92.57,93.43,1596943,93.43
2013-03-04,93.07,93.56,92.18,92.65,1495423,92.65
2013-03-01,94.22,94.46,92.8,93.58,1261842,93.58
2013-02-28,92.69,95.13,92.01,94.43,1971328,94.43
2013-02-27,94.68,94.89,92.87,93.04,1807879,93.04
2013-02-26,94.16,96.65,93.66,94.64,1887749,94.64
2013-02-25,99.15,99.5,93.79,93.9,3770072,93.9
2013-02-22,101.36,102.0,99.79,101.06,903166,101.06
2013-02-21,102.12,102.47,99.276,100.73,1093460,100.73
2013-02-20,103.75,105.3,102.18,102.2,2167117,102.2
2013-02-19,101.77,103.84,101.5091,103.62,976683,103.62
2013-02-15,100.81,101.76,100.37,101.72,1391331,101.72
2013-02-14,101.83,102.03,100.31,100.89,1422082,100.89
2013-02-13,102.26,103.6,100.38,102.28,1201870,102.28
2013-02-12,103.29,103.74,101.88,102.15,1136798,102.15
2013-02-11,104.52,105.89,103.31,103.52,895973,103.52
2013-02-08,105.16,106.66,104.54,105.25,1049612,105.25
