date,open,high,low,close,volume,adj close
2018-02-07,78.75,80.02,78.07,78.09,3619025,78.09
2018-02-06,74.99,79.25,74.11,79.07,3857183,79.07
2018-02-05,80.2,81.97,75.35,75.58,4736324,75.58
2018-02-02,82.41,83.89,80.62,80.77,4082291,80.77
2018-02-01,79.32,85.24,77.89,83.34,10691401,83.34
2018-01-31,71.5,71.95,69.88,71.77,3927037,71.77
2018-01-30,67.48,75.08,67.4,70.67,6126485,70.67
2018-01-29,67.32,68.45,67.3,68.19,2286232,68.19
2018-01-26,66.42,67.94,66.1,67.94,1931972,67.94
2018-01-25,67.46,67.52,65.72,66.06,1914889,66.06
2018-01-24,66.76,67.885,65.8,66.9,2797890,66.9
2018-01-23,66.44,67.79,66.1,67.32,2130422,67.32
2018-01-22,68.12,68.52,65.56,66.34,3155850,66.34
2018-01-19,70.5,70.5,67.13,68.4,2820316,68.4
2018-01-18,70.84,71.99,70.59,70.7,1233650,70.7
2018-01-17,69.47,71.09,69.32,70.85,1025748,70.85
2018-01-16,71.37,71.61,68.9096,69.3,1188483,69.3
2018-01-12,69.12,71.23,68.705,71.04,1622037,71.04
2018-01-11,68.0,69.39,67.67,68.88,1022358,68.88
2018-01-10,68.7,68.98,67.35,67.74,1691607,67.74
2018-01-09,69.14,69.97,68.44,69.0,1513582,69.0
2018-01-08,67.89,68.97,67.29,68.84,1390088,68.84
2018-01-05,69.06,69.4383,67.92,68.03,1556428,68.03
2018-01-04,68.69,69.88,68.09,68.72,1347425,68.72
2018-01-03,69.08,70.0075,68.14,68.39,1552777,68.39
2018-01-02,67.06,68.97,66.08,68.88,1345849,68.88
2017-12-29,67.36,67.57,66.58,66.6,714767,66.6
2017-12-28,67.51,67.9,66.85,67.36,850313,67.36
2017-12-27,66.25,67.99,65.98,67.26,1135420,67.26
2017-12-26,65.84,67.69,64.53,65.9,1260347,65.9
2017-12-22,67.49,68.21,67.35,67.69,877754,67.69
2017-12-21,67.25,67.55,67.06,67.48,913391,67.48
2017-12-20,67.22,67.52,66.13,67.07,844956,67.07
2017-12-19,66.75,67.28,66.365,66.79,878480,66.79
2017-12-18,66.0,67.33,65.3,67.05,1824122,67.05
2017-12-15,65.57,66.15,64.72,65.53,4164832,65.53
2017-12-14,67.2,67.33,65.21,65.23,1991814,65.23
2017-12-13,68.14,69.085,67.06,67.29,1565277,67.29
2017-12-12,68.11,68.46,66.52,67.69,1913676,67.69
2017-12-11,67.64,68.9,67.64,68.62,1558974,68.62
2017-12-08,69.28,69.37,67.66,67.88,2149965,67.88
2017-12-07,71.53,71.56,68.35,68.72,1864759,68.72
2017-12-06,70.0,71.01,67.53,70.1,3573570,70.1
2017-12-05,72.04,73.26,70.83,71.78,1862447,71.78
2017-12-04,74.76,75.31,71.85,72.4,2211708,72.4
2017-12-01,76.09,76.3,71.66,74.21,2124920,74.21
2017-11-30,76.89,77.49,76.175,76.58,1252303,76.58
2017-11-29,78.97,79.105,75.27,76.69,1501572,76.69
2017-11-28,79.99,80.0,77.7939,79.03,1120908,79.03
2017-11-27,80.0,80.43,79.221,79.74,905869,79.74
2017-11-24,79.75,80.65,79.75,80.62,238694,80.62
2017-11-22,80.54,80.7133,79.3,79.61,637376,79.61
2017-11-21,79.47,80.84,79.4,80.59,1177157,80.59
2017-11-20,77.6,79.23,77.6,79.14,726610,79.14
2017-11-17,78.04,78.3968,76.68,77.33,927080,77.33
2017-11-16,77.05,78.16,76.99,77.91,872567,77.91
2017-11-15,78.26,78.37,76.33,76.68,1128573,76.68
2017-11-14,79.0,79.78,78.07,78.41,784253,78.41
2017-11-13,79.16,79.92,78.56,79.08,1006592,79.08
2017-11-10,81.2,81.2,79.03,79.57,928720,79.57
2017-11-09,80.48,80.96,78.32,79.47,1462879,79.47
2017-11-08,78.48,80.94,78.11,80.82,1716665,80.82
2017-11-07,77.58,79.98,76.7,78.46,1758691,78.46
2017-11-06,73.78,78.97,73.47,78.49,3093552,78.49
2017-11-03,74.35,74.48,71.73,73.84,2903500,73.84
2017-11-02,71.73,74.81,71.19,74.3,2612324,74.3
2017-11-01,76.16,76.59,73.86,74.46,1953089,74.46
2017-10-31,76.45,77.055,75.28,75.81,1417415,75.81
2017-10-30,74.02,76.59,73.75,76.25,1620329,76.25
2017-10-27,72.74,73.76,71.2,73.72,1237364,73.72
2017-10-26,72.13,72.52,71.445,71.56,595058,71.56
2017-10-25,71.8,73.39,71.31,71.78,1460316,71.78
2017-10-24,70.11,71.66,69.77,71.44,1220402,71.44
2017-10-23,70.08,70.53,69.5,69.8,1163832,69.8
2017-10-20,70.13,70.55,69.72,69.92,779568,69.92
2017-10-19,71.5,71.5,69.12,69.68,1596175,69.68
2017-10-18,72.27,72.345,70.91,72.02,803108,72.02
2017-10-17,72.52,73.19,71.58,72.27,1020884,72.27
2017-10-16,72.27,72.74,72.13,72.53,721430,72.53
2017-10-13,72.58,73.03,72.08,72.39,663596,72.39
2017-10-12,72.72,73.07,72.2601,72.36,1233022,72.36
2017-10-11,71.9,73.0,71.9,72.94,839472,72.94
2017-10-10,72.75,72.81,71.01,71.84,986570,71.84
2017-10-09,72.65,72.94,72.11,72.66,418153,72.66
2017-10-06,71.64,72.8,71.64,72.69,607207,72.69
2017-10-05,72.24,72.68,71.11,71.7,759852,71.7
2017-10-04,71.02,72.17,70.528,72.16,642768,72.16
2017-10-03,71.52,71.76,71.02,71.39,428588,71.39
2017-10-02,70.84,72.06,70.84,71.29,801469,71.29
2017-09-29,70.2,71.09,69.22,70.68,1020439,70.68
2017-09-28,70.25,70.72,69.57,70.2,883452,70.2
2017-09-27,69.23,70.77,68.65,70.25,1041532,70.25
2017-09-26,69.0,69.37,67.6975,68.24,1113292,68.24
2017-09-25,70.64,70.64,68.26,68.66,1932816,68.66
2017-09-22,70.38,71.57,70.23,71.2,1035659,71.2
2017-09-21,70.21,70.72,69.06,70.61,1653568,70.61
2017-09-20,74.3,74.32,69.93,70.32,2221757,70.32
2017-09-19,74.44,74.61,73.635,74.32,645871,74.32
2017-09-18,75.5,76.47,74.2,74.35,1000831,74.35
2017-09-15,73.37,75.55,73.225,75.49,1440944,75.49
2017-09-14,72.56,74.69,72.56,73.48,645265,73.48
2017-09-13,72.9,73.24,72.31,73.01,522644,73.01
2017-09-12,72.9,73.64,72.55,72.95,915007,72.95
2017-09-11,72.34,73.16,72.14,72.63,780425,72.63
2017-09-08,73.29,73.4,71.44,71.61,707064,71.61
2017-09-07,73.41,75.71,73.14,73.22,2006614,73.22
2017-09-06,73.27,73.975,72.035,73.32,726009,73.32
2017-09-05,72.93,73.99,72.24,73.38,870868,73.38
2017-09-01,73.39,74.23,73.07,73.26,703005,73.26
2017-08-31,73.19,73.66,72.82,73.22,810963,73.22
2017-08-30,70.76,73.17,70.62,73.12,831993,73.12
2017-08-29,69.91,70.69,69.31,70.46,510672,70.46
2017-08-28,71.15,71.15,70.06,70.6,722053,70.6
2017-08-25,70.52,71.26,70.1998,70.93,837493,70.93
2017-08-24,70.99,71.2,70.13,70.25,827546,70.25
2017-08-23,70.53,70.89,70.0501,70.67,752553,70.67
2017-08-22,69.74,71.11,69.71,71.01,806923,71.01
2017-08-21,69.62,69.98,68.52,69.33,828061,69.33
2017-08-18,71.71,71.81,69.6001,69.67,1285178,69.67
2017-08-17,72.11,72.735,71.16,71.19,1388625,71.19
2017-08-16,71.9,72.47,71.46,72.42,1281541,72.42
2017-08-15,71.34,72.3,70.43,71.76,1694210,71.76
2017-08-14,69.54,71.61,69.5,71.42,1537853,71.42
2017-08-11,67.67,69.05,66.83,68.9,960950,68.9
2017-08-10,68.64,68.67,67.49,67.77,1277909,67.77
2017-08-09,68.81,69.42,68.39,69.06,865424,69.06
2017-08-08,68.41,69.8,67.555,69.16,1369058,69.16
2017-08-07,66.82,69.18,66.82,68.8,1366873,68.8
2017-08-04,66.7,68.1,66.22,66.62,965633,66.62
2017-08-03,66.3,68.975,64.7,66.89,2459067,66.89
2017-08-02,69.37,69.37,66.63,66.86,2264079,66.86
2017-08-01,68.67,68.67,67.68,68.07,1396480,68.07
2017-07-31,69.19,69.26,68.03,68.56,1448364,68.56
2017-07-28,68.87,69.35,68.37,69.0,789364,69.0
2017-07-27,69.62,69.66,68.325,69.1,2024112,69.1
2017-07-26,69.53,70.27,68.98,69.54,747134,69.54
2017-07-25,69.2,69.7299,68.4068,69.295,1076119,69.295
2017-07-24,69.28,69.5,68.8,69.17,1642840,69.17
2017-07-21,68.72,69.42,67.52,69.29,1563585,69.29
2017-07-20,67.72,68.96,67.04,68.72,1202076,68.72
2017-07-19,67.25,67.7,66.86,67.64,911627,67.64
2017-07-18,66.89,67.17,66.16,66.98,909357,66.98
2017-07-17,67.3,67.55,66.61,67.0,1196702,67.0
2017-07-14,67.71,68.08,67.23,67.32,789513,67.32
2017-07-13,67.3,67.78,66.32,67.37,2169439,67.37
2017-07-12,66.29,67.81,65.73,67.47,2382748,67.47
2017-07-11,64.99,66.15,64.8326,65.93,997701,65.93
2017-07-10,65.62,65.98,63.97,65.0,2001203,65.0
2017-07-07,64.42,66.26,64.28,65.86,1948850,65.86
2017-07-06,64.08,65.08,63.59,64.01,1965180,64.01
2017-07-05,63.43,65.34,63.36,65.02,2265780,65.02
2017-07-03,63.49,63.95,62.68,63.0,807182,63.0
2017-06-30,64.45,64.8,63.06,63.32,1584919,63.32
2017-06-29,65.57,65.75,63.03,64.29,1957457,64.29
2017-06-28,65.07,66.19,63.806000000000004,65.95,2362496,65.95
2017-06-27,66.08,66.34,64.1,64.49,2499732,64.49
2017-06-26,69.95,70.42,66.11,66.41,3320719,66.41
2017-06-23,70.71,70.79,69.79,69.94,2683712,69.94
2017-06-22,71.1,71.12,69.325,70.49,1088968,70.49
2017-06-21,71.3,72.18,70.62,71.18,1316503,71.18
2017-06-20,72.25,72.51,70.78,70.86,1045476,70.86
2017-06-19,72.29,72.83,71.8,72.46,1734441,72.46
2017-06-16,72.05,72.33,71.23,71.72,1685068,71.72
2017-06-15,70.75,72.3,70.28,71.68,2756014,71.68
2017-06-14,74.92,75.31,70.88,72.13,2133342,72.13
2017-06-13,75.04,76.39,74.3,74.65,1147283,74.65
2017-06-12,74.2,74.76,71.2,74.63,2174446,74.63
2017-06-09,77.78,78.99,73.39,75.27,2088034,75.27
2017-06-08,78.02,78.18,76.64,78.08,1445261,78.08
2017-06-07,77.45,78.37,77.08,77.67,1133155,77.67
2017-06-06,77.09,78.21,76.34,77.5,1070853,77.5
2017-06-05,78.69,79.09,77.02,77.3,1443951,77.3
2017-06-02,78.95,79.11,77.56,78.95,1573372,78.95
2017-06-01,78.07,79.06,77.61,79.06,1285677,79.06
2017-05-31,78.93,79.339,77.2,77.95,1409209,77.95
2017-05-30,77.71,79.1,77.44,78.65,1878710,78.65
2017-05-26,78.86,78.8799,77.76,77.84,1349495,77.84
2017-05-25,78.65,79.3263,77.85,78.83,1907904,78.83
2017-05-24,78.81,79.2,77.37,78.39,1746529,78.39
2017-05-23,78.26,78.61,76.36,78.55,1858069,78.55
2017-05-22,75.78,78.83,75.745,78.07,2953917,78.07
2017-05-19,76.09,76.495,75.24,75.51,2091023,75.51
2017-05-18,72.16,75.98,71.75,75.55,3399383,75.55
2017-05-17,73.78,74.59,72.5,72.54,2765336,72.54
2017-05-16,71.73,74.92,71.665,74.84,3182722,74.84
2017-05-15,67.26,72.128,67.26,71.54,4529771,71.54
2017-05-12,66.87,67.82,66.8371,67.8,1742956,67.8
2017-05-11,66.51,67.07,65.84,67.02,1507756,67.02
2017-05-10,66.36,66.885,65.74,66.79,1102522,66.79
2017-05-09,65.81,66.89,65.65,66.16,1797719,66.16
2017-05-08,66.83,67.05,65.39,65.65,1592618,65.65
2017-05-05,67.27,67.34,65.87,66.9,1637266,66.9
2017-05-04,66.87,69.98,66.45,67.02,4479923,67.02
2017-05-03,67.9,68.44,67.5,68.05,2257552,68.05
2017-05-02,68.53,68.53,67.3,68.34,1294265,68.34
2017-05-01,68.26,68.95,67.72,68.61,1147779,68.61
2017-04-28,70.34,70.35,67.61,68.03,2849980,68.03
2017-04-27,71.3,71.65,70.77,71.12,1395264,71.12
2017-04-26,71.3,71.5507,70.26,70.97,1056794,70.97
2017-04-25,71.46,71.77,71.181,71.31,1351306,71.31
2017-04-24,71.32,71.65,70.84,70.94,815964,70.94
2017-04-21,70.89,70.9,70.14,70.16,1248629,70.16
2017-04-20,70.61,71.34,70.0,71.03,867765,71.03
2017-04-19,70.1,71.19,69.85,69.99,947421,69.99
2017-04-18,68.83,69.62,68.58,69.54,1005429,69.54
2017-04-17,68.52,69.22,68.52,69.07,939824,69.07
2017-04-13,68.38,69.5499,68.115,68.48,2031292,68.48
2017-04-12,70.23,70.44,68.62,68.76,1373684,68.76
2017-04-11,69.76,70.23,68.37,70.2,2243640,70.2
2017-04-10,71.22,72.42,70.62,70.64,1885570,70.64
2017-04-07,69.36,71.91,69.305,71.33,2904565,71.33
2017-04-06,68.53,69.41,68.24,69.29,1260293,69.29
2017-04-05,68.42,69.87,68.42,68.6,1760634,68.6
2017-04-04,67.58,68.56,67.12,68.32,1155809,68.32
2017-04-03,68.56,68.92,67.06,68.05,1484946,68.05
2017-03-31,69.16,69.16,68.54,68.56,1060668,68.56
2017-03-30,68.01,69.71,67.84,69.08,1596303,69.08
2017-03-29,68.12,68.365,67.4,67.85,1078890,67.85
2017-03-28,68.11,68.84,67.6975,68.25,949506,68.25
2017-03-27,66.96,68.42,66.17,68.37,1069754,68.37
2017-03-24,67.33,68.13,67.23,67.64,899818,67.64
2017-03-23,66.45,67.4,66.19,66.83,945761,66.83
2017-03-22,65.45,66.89,64.79,66.53,1377725,66.53
2017-03-21,67.8,67.84899999999999,65.34,65.53,1983413,65.53
2017-03-20,67.2,67.99,66.5001,67.58,1040302,67.58
2017-03-17,68.34,68.34,67.345,67.42,2264461,67.42
2017-03-16,68.71,69.04,67.11,68.22,2005883,68.22
2017-03-15,68.34,69.12,67.49,68.95,1615969,68.95
2017-03-14,67.45,68.18,66.8,67.85,1298474,67.85
2017-03-13,67.13,67.79,67.105,67.68,872663,67.68
2017-03-10,66.85,67.64,66.61,67.11,1012456,67.11
2017-03-09,66.29,67.12,65.5,66.65,821936,66.65
2017-03-08,66.6,67.37,65.9878,66.4,1239835,66.4
2017-03-07,66.23,67.37,65.96,66.89,1676327,66.89
2017-03-06,65.88,66.59,65.56,66.42,1712830,66.42
2017-03-03,66.19,66.82,65.77,66.21,921548,66.21
2017-03-02,68.01,68.05,66.06,66.11,1202565,66.11
2017-03-01,66.5,68.0,66.23,67.85,1354752,67.85
2017-02-28,67.61,67.7,65.93,66.1,1317479,66.1
2017-02-27,66.28,67.66,65.6,67.62,1292784,67.62
2017-02-24,66.37,66.56,64.18,66.19,1574820,66.19
2017-02-23,68.02,68.3,66.39,67.2,1315105,67.2
2017-02-22,67.56,68.66,67.2174,67.55,1151872,67.55
2017-02-21,67.03,67.95,66.85,67.57,2758323,67.57
2017-02-17,66.9,67.6,65.86,67.12,1688727,67.12
2017-02-16,67.26,67.68,66.37,67.15,837657,67.15
2017-02-15,66.42,67.41,66.142,67.17,785430,67.17
2017-02-14,66.49,66.74,65.815,66.44,996880,66.44
2017-02-13,66.47,67.2,66.1,66.53,1085608,66.53
2017-02-10,66.32,66.42,65.58,66.27,1003296,66.27
2017-02-09,66.13,66.4,65.57,66.28,1305111,66.28
2017-02-08,64.93,66.25,64.55,66.2,1745352,66.2
2017-02-07,64.36,65.05,64.19,64.75,1271554,64.75
2017-02-06,63.49,64.36,63.31,64.36,2005719,64.36
2017-02-03,63.46,64.63,63.36,63.96,1559375,63.96
2017-02-02,61.34,65.69,61.12,63.35,5477859,63.35
2017-02-01,65.15,65.97,63.34,64.55,4150153,64.55
2017-01-31,63.84,64.42,63.28,64.21,1944601,64.21
2017-01-30,63.52,64.51,63.01,64.29,3150234,64.29
2017-01-27,63.57,63.96,62.89,63.65,1134590,63.65
2017-01-26,63.7,64.19,62.8,63.34,2107147,63.34
2017-01-25,63.13,64.08,62.55,64.04,1842980,64.04
2017-01-24,62.15,63.09,61.92,62.5,2435115,62.5
2017-01-23,60.92,62.11,60.92,61.85,2224422,61.85
2017-01-20,60.04,61.7,59.51,61.02,3420649,61.02
2017-01-19,59.19,59.8,58.11,58.31,2206589,58.31
2017-01-18,57.7,59.29,57.63,59.17,1567890,59.17
2017-01-17,58.03,58.87,56.9,57.26,2067049,57.26
2017-01-13,56.78,58.98,56.63,58.57,1598843,58.57
2017-01-12,56.06,56.94,55.37,56.84,1622163,56.84
2017-01-11,56.35,56.86,55.5,56.8,1107132,56.8
2017-01-10,54.43,56.58,54.43,56.4,1972550,56.4
2017-01-09,53.91,55.35,53.91,54.37,1253041,54.37
2017-01-06,53.6,54.41,53.09,53.86,943023,53.86
2017-01-05,54.04,54.52,52.81,53.36,1343366,53.36
2017-01-04,52.99,54.56,52.74,54.51,1503774,54.51
2017-01-03,53.18,53.95,52.12,52.9,1841244,52.9
2016-12-30,53.75,53.8087,52.05,52.73,1223168,52.73
2016-12-29,54.47,54.5662,52.9,53.61,982880,53.61
2016-12-28,55.55,55.75,54.01,54.7,1064546,54.7
2016-12-27,55.38,56.15,55.29,55.54,745658,55.54
2016-12-23,55.1,55.58,54.88,55.53,1073253,55.53
2016-12-22,55.46,55.8,54.86,55.1,712247,55.1
2016-12-21,54.85,55.45,54.67,54.99,785166,54.99
2016-12-20,55.7,55.72,54.01,54.74,958219,54.74
2016-12-19,54.93,55.5,54.69,55.45,712747,55.45
2016-12-16,56.04,56.38,54.57,54.69,1771032,54.69
2016-12-15,54.0,56.09,53.45,55.69,2170268,55.69
2016-12-14,54.76,54.99,53.42,53.59,1234664,53.59
2016-12-13,54.92,55.26,54.48,54.78,965432,54.78
2016-12-12,56.48,56.55,54.47,54.79,1121308,54.79
2016-12-09,58.4,59.12,56.1,56.48,1443021,56.48
2016-12-08,55.0,58.92,55.0,57.81,3092541,57.81
2016-12-07,54.0,55.47,53.5,55.14,1765477,55.14
2016-12-06,52.77,54.25,52.72,54.06,1340597,54.06
2016-12-05,50.96,52.63,50.76,52.48,1443599,52.48
2016-12-02,49.94,50.96,49.53,50.54,1169364,50.54
2016-12-01,53.41,53.485,49.79,50.03,1947285,50.03
2016-11-30,54.48,54.8,53.25,53.41,1152926,53.41
2016-11-29,54.55,54.77,54.06,54.28,834508,54.28
2016-11-28,54.82,55.68,54.57,54.86,889103,54.86
2016-11-25,54.58,55.03,53.64,54.9,660204,54.9
2016-11-23,55.21,55.25,54.43,54.61,931259,54.61
2016-11-22,55.26,55.625,54.71,55.3,904450,55.3
2016-11-21,55.37,55.9,54.5,54.95,885538,54.95
2016-11-18,55.41,55.9259,54.33,55.28,1123037,55.28
2016-11-17,54.57,55.59,54.2,55.55,1168406,55.55
2016-11-16,54.44,54.702,53.8,54.4,1328322,54.4
2016-11-15,53.05,54.81,52.87,54.3,1400865,54.3
2016-11-14,53.33,53.54,52.31,52.74,1282941,52.74
2016-11-11,52.93,54.58,52.59,53.52,2038428,53.52
2016-11-10,51.79,53.6,50.751000000000005,51.56,2272897,51.56
2016-11-09,50.06,51.93,49.601000000000006,51.78,2023837,51.78
2016-11-08,50.21,51.59,49.61,50.96,2737649,50.96
2016-11-07,51.48,51.5,49.76,50.47,4073279,50.47
2016-11-04,48.36,51.46,48.28,51.08,10113456,51.08
2016-11-03,56.03,57.68,55.72,56.74,3605826,56.74
2016-11-02,55.73,56.48,55.415,56.06,1304265,56.06
2016-11-01,55.66,56.65,55.1576,56.01,1210190,56.01
2016-10-31,54.55,55.95,54.46,55.65,993072,55.65
2016-10-28,55.8,56.2,54.1,54.18,1124667,54.18
2016-10-27,57.08,57.29,55.26,55.59,1448241,55.59
2016-10-26,55.82,56.8,55.42,56.65,968360,56.65
2016-10-25,57.18,57.43,56.15,56.33,988773,56.33
2016-10-24,55.3,57.49,55.0,57.29,1813515,57.29
2016-10-21,54.54,54.91,53.803999999999995,54.7,830350,54.7
2016-10-20,54.37,55.16,54.2,54.88,1135527,54.88
2016-10-19,53.32,54.38,52.99,54.35,667229,54.35
2016-10-18,53.18,54.06,53.17,53.59,818153,53.59
2016-10-17,52.93,53.38,52.6,52.65,632584,52.65
2016-10-14,53.03,54.28,52.91,53.0,846548,53.0
2016-10-13,54.79,54.995,52.71,52.91,1698405,52.91
2016-10-12,55.48,55.61,54.63,55.21,1159025,55.21
2016-10-11,55.92,56.0973,54.95,55.52,1178127,55.52
2016-10-10,56.69,57.228,55.75,56.02,831891,56.02
2016-10-07,55.57,56.87,55.24,56.64,1645972,56.64
2016-10-06,54.72,55.44,53.85,55.34,1124541,55.34
2016-10-05,54.56,55.7,54.3,54.5,1416627,54.5
2016-10-04,54.32,54.94,54.06,54.25,1007632,54.25
2016-10-03,55.4,56.14,54.1,54.15,1414640,54.15
2016-09-30,54.11,56.21,53.86,55.74,2216516,55.74
2016-09-29,54.3,54.83,52.82,53.68,2948667,53.68
2016-09-28,54.89,55.6044,54.18,54.62,846730,54.62
2016-09-27,53.84,54.731,53.3,54.6,926741,54.6
2016-09-26,54.44,54.69,53.55,53.99,1286130,53.99
2016-09-23,56.48,56.65,54.84,54.87,1257829,54.87
2016-09-22,56.37,56.97,56.19,56.52,928244,56.52
2016-09-21,54.93,56.09,54.73,56.07,1093812,56.07
2016-09-20,56.47,56.54,54.62,54.75,1489504,54.75
2016-09-19,55.75,56.64,55.56,56.33,1240426,56.33
2016-09-16,56.67,56.67,54.98,55.76,3648213,55.76
2016-09-15,55.37,56.86,55.236999999999995,56.53,2219397,56.53
2016-09-14,53.86,55.42,53.58,55.11,2186962,55.11
2016-09-13,54.01,54.57,53.33,53.92,1641734,53.92
2016-09-12,52.0,53.8,51.19,53.76,2047021,53.76
2016-09-09,55.0,55.31,52.43,52.48,3136318,52.48
2016-09-08,55.71,56.1,55.32,55.43,2224804,55.43
2016-09-07,54.96,56.26,54.96,55.93,1769920,55.93
2016-09-06,57.85,57.85,55.45,56.02,2521494,56.02
2016-09-02,57.95,58.33,57.15,57.6,966365,57.6
2016-09-01,57.46,57.85,56.34,57.75,1582230,57.75
2016-08-31,57.46,57.75,56.75,57.43,1626163,57.43
2016-08-30,57.5,58.03,57.29,57.69,1359194,57.69
2016-08-29,57.64,58.13,57.53,57.87,802359,57.87
2016-08-26,57.84,58.53,56.7,57.62,1294648,57.62
2016-08-25,57.13,58.388999999999996,57.02,57.94,1665749,57.94
2016-08-24,56.12,57.919,56.08,57.31,1964131,57.31
2016-08-23,56.28,56.63,55.94,56.03,1733971,56.03
2016-08-22,56.05,56.45,55.57,55.98,889981,55.98
2016-08-19,55.06,56.521,54.91,56.23,1352547,56.23
2016-08-18,54.72,55.67,54.57,55.2,1308230,55.2
2016-08-17,55.01,55.64,54.33,54.56,1305880,54.56
2016-08-16,55.41,55.62,54.86,55.28,1342977,55.28
2016-08-15,54.54,56.45,54.54,55.77,2221350,55.77
2016-08-12,54.57,54.87,54.25,54.59,1170364,54.59
2016-08-11,54.49,54.87,54.13,54.48,1105372,54.48
2016-08-10,54.86,54.88,54.06,54.14,1231236,54.14
2016-08-09,54.38,55.2,54.38,54.49,1656515,54.49
2016-08-08,55.09,55.4414,54.065,54.3,2269883,54.3
2016-08-05,53.79,55.27,53.328,55.05,2741894,55.05
2016-08-04,55.47,55.5,52.46,53.41,4671149,53.41
2016-08-03,55.5,56.51,54.05,55.12,7982522,55.12
2016-08-02,63.34,63.34,61.1,61.45,3358584,61.45
2016-08-01,63.5,64.48,63.1,63.47,1807626,63.47
2016-07-29,63.0,63.44,61.79,63.23,2546741,63.23
2016-07-28,63.0,64.38,62.52,63.1,1351772,63.1
2016-07-27,64.2,64.8,62.18,63.01,2865819,63.01
2016-07-26,61.13,61.75,60.08,60.38,2172124,60.38
2016-07-25,60.77,61.13,60.34,60.62,1196205,60.62
2016-07-22,59.4,61.0,58.4701,60.56,2098657,60.56
2016-07-21,61.23,61.42,59.76,60.1,1296685,60.1
2016-07-20,60.72,61.17,59.81,60.8,1120152,60.8
2016-07-19,60.31,60.619,60.1,60.4,760891,60.4
2016-07-18,59.79,60.98,59.54,60.66,1333013,60.66
2016-07-15,59.5,59.6,58.68,59.42,1005610,59.42
2016-07-14,57.54,59.48,57.06,59.31,1536321,59.31
2016-07-13,58.44,58.498999999999995,56.65,56.67,1271664,56.67
2016-07-12,58.21,58.65,57.58,58.0,1142635,58.0
2016-07-11,56.94,58.68,56.43,57.73,1596292,57.73
2016-07-08,54.84,56.25,54.7,56.02,1084547,56.02
2016-07-07,53.46,54.94,53.45,54.37,1264955,54.37
2016-07-06,51.49,52.68,50.45,52.57,1263098,52.57
2016-07-05,53.75,54.0,50.63,51.82,1526100,51.82
2016-07-01,54.4,54.75,52.94,54.5,1509887,54.5
2016-06-30,54.79,55.26,53.84,55.26,1449991,55.26
2016-06-29,53.1,54.88,52.8775,54.65,1736114,54.65
2016-06-28,51.81,53.38,51.26,52.75,1435912,52.75
2016-06-27,53.99,54.05,50.25,50.69,1911789,50.69
2016-06-24,56.2,56.99,54.09,54.94,4327058,54.94
2016-06-23,56.15,58.3,56.0,58.28,1334114,58.28
2016-06-22,56.26,57.045,55.56,55.64,1457489,55.64
2016-06-21,56.32,56.58,55.58,56.33,957770,56.33
2016-06-20,55.52,56.75,54.93,55.98,1459424,55.98
2016-06-17,54.75,54.83,53.55,54.5,1507102,54.5
2016-06-16,54.21,54.86,53.5,54.81,1051985,54.81
2016-06-15,54.72,55.26,53.76,54.94,1565730,54.94
2016-06-14,53.57,54.55,53.4,54.43,1310383,54.43
2016-06-13,53.51,54.46,53.4,53.69,1792676,53.69
2016-06-10,55.4,55.4,53.88,54.03,2308036,54.03
2016-06-09,56.01,56.5,55.2,56.07,1365077,56.07
2016-06-08,55.56,56.14,54.95,56.04,1419646,56.04
2016-06-07,54.92,55.9,54.69,55.49,1185381,55.49
2016-06-06,53.81,55.11,53.81,54.81,1752347,54.81
2016-06-03,54.0,54.67,52.73,53.67,2155098,53.67
2016-06-02,52.0,53.74,51.99,53.49,1814191,53.49
2016-06-01,50.65,52.34,50.5,52.14,1574554,52.14
2016-05-31,50.75,51.43,50.25,50.97,1244683,50.97
2016-05-27,50.38,50.67,49.8,50.53,1006413,50.53
2016-05-26,50.73,51.04,50.21,50.53,786662,50.53
2016-05-25,50.97,51.45,50.24,50.65,965491,50.65
2016-05-24,50.74,51.53,50.06,50.98,936682,50.98
2016-05-23,50.0,51.56,50.0,50.4,1909074,50.4
2016-05-20,47.66,49.45,47.4,49.4,1782648,49.4
2016-05-19,46.71,48.07,46.37,47.17,1696640,47.17
2016-05-18,45.63,47.68,45.35,47.22,2056256,47.22
2016-05-17,45.54,46.7,45.27,45.83,1287745,45.83
2016-05-16,45.03,46.41,45.0,45.56,1255243,45.56
2016-05-13,45.24,46.38,44.52,44.99,1266822,44.99
2016-05-12,46.19,46.54,44.52,45.18,1682791,45.18
2016-05-11,46.4,46.88,45.97,45.99,729186,45.99
2016-05-10,45.86,46.88,45.06,46.64,1217938,46.64
2016-05-09,46.27,46.5837,45.4,45.62,914289,45.62
2016-05-06,46.65,46.8279,45.02,46.11,1751168,46.11
2016-05-05,47.9,48.95,46.51,46.66,4692962,46.66
2016-05-04,44.48,45.43,43.79,44.51,2385308,44.51
2016-05-03,44.32,45.19,44.32,45.04,1433214,45.04
2016-05-02,45.07,45.12,44.0,44.71,1196446,44.71
2016-04-29,45.67,46.495,43.97,45.03,2132228,45.03
2016-04-28,46.23,46.88,45.64,45.83,1382887,45.83
2016-04-27,44.3,47.38,44.3,46.62,2317088,46.62
2016-04-26,45.42,46.93,45.18,46.3,1082615,46.3
2016-04-25,45.52,45.7,44.52,45.05,639571,45.05
2016-04-22,45.26,46.35,45.24,45.7,859692,45.7
2016-04-21,45.86,46.33,44.65,45.35,1265392,45.35
2016-04-20,45.06,46.28,44.576,45.94,1669151,45.94
2016-04-19,46.98,47.0,44.87,45.24,2333092,45.24
2016-04-18,47.3,47.52,46.66,47.16,1351230,47.16
2016-04-15,49.29,49.79,47.61,47.74,1472907,47.74
2016-04-14,49.41,49.9,48.8,49.63,885948,49.63
2016-04-13,48.1,50.16,47.82,50.04,1265454,50.04
2016-04-12,47.96,48.34,47.16,47.68,1196328,47.68
2016-04-11,49.41,49.47,47.95,47.99,905883,47.99
2016-04-08,49.43,49.8,48.78,49.24,1143244,49.24
2016-04-07,49.85,50.49,48.64,48.73,1098237,48.73
2016-04-06,49.97,50.58,48.435,50.5,1168395,50.5
2016-04-05,50.03,50.62,49.68,49.86,768816,49.86
2016-04-04,50.93,51.25,50.34,50.62,763510,50.62
2016-04-01,50.15,51.27,49.55,50.82,1231281,50.82
2016-03-31,51.01,51.25,50.37,50.41,1029879,50.41
2016-03-30,51.0,51.95,50.78,51.23,1270743,51.23
2016-03-29,48.8,50.69,48.21,50.58,1032915,50.58
2016-03-28,49.66,49.67,48.85,49.1,863899,49.1
2016-03-24,49.23,49.47,48.58,49.24,1296019,49.24
2016-03-23,51.72,51.78,49.5,49.52,906652,49.52
2016-03-22,50.35,51.85,50.18,51.75,1226277,51.75
2016-03-21,50.65,51.2,50.03,50.64,756755,50.64
2016-03-18,49.39,51.15,49.16,50.69,2730879,50.69
2016-03-17,48.69,49.43,48.24,49.2,1352843,49.2
2016-03-16,48.93,50.17,48.14,48.99,1593412,48.99
2016-03-15,49.36,49.9,48.1,49.27,1238861,49.27
2016-03-14,48.31,49.13,47.59,48.73,1614677,48.73
2016-03-11,48.07,49.11,47.515,48.64,1059411,48.64
2016-03-10,48.2,48.9299,46.68,47.4,1359922,47.4
2016-03-09,47.54,48.68,46.23,48.18,1432205,48.18
2016-03-08,48.91,49.1,46.86,47.09,2326914,47.09
2016-03-07,49.5,50.07,48.3775,49.06,2236710,49.06
2016-03-04,49.56,50.82,48.59,49.9,2496295,49.9
2016-03-03,47.73,49.13,47.23,49.11,1878221,49.11
2016-03-02,46.66,48.29,46.65,47.65,1825976,47.65
2016-03-01,45.52,48.2425,45.5,47.36,2361028,47.36
2016-02-29,43.5,46.64,43.47,45.08,2249572,45.08
2016-02-26,43.08,44.14,42.72,43.46,2503448,43.46
2016-02-25,42.31,43.06,41.43,42.67,1444721,42.67
2016-02-24,40.98,42.47,40.54,42.17,1484971,42.17
2016-02-23,41.73,42.32,40.95,41.49,1425208,41.49
2016-02-22,42.79,43.0,41.2275,41.96,2008245,41.96
2016-02-19,40.12,42.11,40.11,41.85,1923001,41.85
2016-02-18,41.6,42.3,39.92,40.41,2317190,40.41
2016-02-17,41.23,44.72,41.04,41.59,4120028,41.59
2016-02-16,38.12,41.23,37.51,40.78,2704396,40.78
2016-02-12,35.2,37.73,34.82,37.55,2090846,37.55
2016-02-11,34.54,34.9,33.3,34.53,1564435,34.53
2016-02-10,35.28,36.67,34.6,35.36,1315445,35.36
2016-02-09,35.65,37.06,35.03,35.14,1702628,35.14
2016-02-08,36.61,37.22,35.43,36.42,2460864,36.42
2016-02-05,36.6,38.2,34.9,37.25,3651525,37.25
2016-02-04,37.39,38.94,37.09,38.78,2783756,38.78
2016-02-03,37.24,37.59,35.52,37.06,1301491,37.06
2016-02-02,39.25,39.35,37.07,37.15,1372001,37.15
2016-02-01,39.45,40.55,38.34,39.97,1758399,39.97
2016-01-29,37.26,39.98,37.18,39.6,2477020,39.6
2016-01-28,37.09,37.71,36.13,36.67,1878995,36.67
2016-01-27,39.31,39.42,36.8,37.02,2321145,37.02
2016-01-26,40.2,40.5,39.025,39.76,1499975,39.76
2016-01-25,40.77,40.81,39.48,39.76,1363342,39.76
2016-01-22,38.81,41.15,38.26,41.06,2804693,41.06
2016-01-21,37.45,38.4,36.6,37.84,1363049,37.84
2016-01-20,35.54,37.94,35.31,37.05,1884686,37.05
2016-01-19,37.21,37.48,35.7201,36.29,1987039,36.29
2016-01-15,37.92,38.05,35.16,36.6,3559548,36.6
2016-01-14,40.56,40.64,38.96,39.42,2223256,39.42
2016-01-13,40.74,42.25,38.9,40.39,5785252,40.39
2016-01-12,44.37,45.77,44.01,44.78,1318062,44.78
2016-01-11,44.66,44.86,42.8,44.22,2159945,44.22
2016-01-08,43.05,45.32,42.4,44.49,7724413,44.49
2016-01-07,44.5,47.11,44.11,45.64,3609775,45.64
2016-01-06,46.66,46.69,44.16,44.62,2644564,44.62
2016-01-05,50.76,50.97,47.36,47.53,1611810,47.53
2016-01-04,49.68,50.8,48.72,50.72,1544110,50.72
2015-12-31,51.41,51.83,49.48,50.9,1540004,50.9
2015-12-30,52.96,53.28,51.6,51.66,975414,51.66
2015-12-29,53.18,53.72,51.4,52.99,1134506,52.99
2015-12-28,54.0,54.0899,52.03,52.89,978632,52.89
2015-12-24,54.29,54.86,54.17,54.21,482622,54.21
2015-12-23,52.59,54.79,52.26,54.41,1065063,54.41
2015-12-22,53.5,53.7,51.63,52.41,883523,52.41
2015-12-21,51.87,53.4,50.14,53.35,1370369,53.35
2015-12-18,52.5,53.27,51.32,51.63,2146970,51.63
2015-12-17,53.47,54.09,52.1075,52.75,869707,52.75
2015-12-16,52.23,53.61,50.21,53.23,2435506,53.23
2015-12-15,52.4,53.23,50.56,51.69,1876245,51.69
2015-12-14,56.06,56.49,52.11,52.48,1912653,52.48
2015-12-11,56.67,57.65,55.96,56.19,1231036,56.19
2015-12-10,56.2,57.97,55.88,57.5,1268242,57.5
2015-12-09,57.03,57.52,54.8617,56.15,1422059,56.15
2015-12-08,57.0,57.64,56.02,57.28,914141,57.28
2015-12-07,59.28,59.4,57.45,57.63,1131916,57.63
2015-12-04,58.05,59.95,57.77,59.54,1233528,59.54
2015-12-03,59.3,60.0,57.87,58.09,1523158,58.09
2015-12-02,58.1,59.43,57.86,58.48,1217959,58.48
2015-12-01,58.31,59.79,57.25,58.04,1989708,58.04
2015-11-30,57.65,58.43,56.82,58.07,1487809,58.07
2015-11-27,57.43,57.73,56.51,57.51,1870758,57.51
2015-11-25,55.65,58.24,55.65,57.34,1740758,57.34
2015-11-24,54.55,56.12,54.07,55.75,2246714,55.75
2015-11-23,54.65,55.36,54.06,54.85,1871257,54.85
2015-11-20,55.94,56.1,54.527,54.78,1817858,54.78
2015-11-19,56.55,57.28,54.67,55.77,1744264,55.77
2015-11-18,55.2,56.964,54.21,56.34,2797339,56.34
2015-11-17,52.0,55.04,51.99,54.74,2730612,54.74
2015-11-16,50.67,51.98,50.56,51.84,1972234,51.84
2015-11-13,50.48,52.03,50.28,51.0,1667880,51.0
2015-11-12,51.74,52.18,50.095,50.97,1964177,50.97
2015-11-11,52.33,52.9199,51.57,52.2,1123264,52.2
2015-11-10,52.0,52.98,51.3,52.29,2671735,52.29
2015-11-09,55.17,55.18,53.08,54.09,1769608,54.09
2015-11-06,50.6,55.83,50.51,55.55,5236970,55.55
2015-11-05,46.79,46.8606,44.35,45.08,2526677,45.08
2015-11-04,45.86,47.05,45.27,46.57,1717710,46.57
2015-11-03,44.94,46.28,44.6,45.71,3059173,45.71
2015-11-02,44.13,45.6,43.96,45.27,1222679,45.27
2015-10-30,44.07,44.8,43.65,43.93,1312137,43.93
2015-10-29,43.9,45.17,43.4901,43.81,1587757,43.81
2015-10-28,47.0,47.07,44.5,45.17,2344333,45.17
2015-10-27,46.25,46.75,45.25,45.89,1693251,45.89
2015-10-26,50.89,50.95,46.43,46.76,1925467,46.76
2015-10-23,50.11,51.625,49.0,51.5,1303514,51.5
2015-10-22,49.25,50.81,48.81,49.55,1460763,49.55
2015-10-21,48.48,48.9,47.84,48.5,1378201,48.5
2015-10-20,47.18,48.25,46.66,48.2,1179375,48.2
2015-10-19,47.29,47.71,46.29,46.85,845421,46.85
2015-10-16,48.44,48.44,46.53,47.32,961479,47.32
2015-10-15,47.06,48.79,46.88,48.31,1890991,48.31
2015-10-14,44.43,46.97,44.2,46.5,2130835,46.5
2015-10-13,46.0,46.198,43.9399,44.14,1550028,44.14
2015-10-12,45.85,46.73,45.24,46.43,1264307,46.43
2015-10-09,45.03,46.275,44.91,45.66,1027020,45.66
2015-10-08,45.25,45.43,43.68,45.26,1396474,45.26
2015-10-07,44.74,45.73,44.18,45.55,1634975,45.55
2015-10-06,44.83,45.04,42.67,44.28,1702268,44.28
2015-10-05,45.35,45.86,44.6,44.77,1159040,44.77
2015-10-02,42.88,44.98,42.24,44.96,1406788,44.96
2015-10-01,44.46,44.63,42.43,43.63,2323863,43.63
2015-09-30,44.23,45.47,44.04,45.05,1912129,45.05
2015-09-29,43.01,44.67,42.73,43.57,1548697,43.57
2015-09-28,46.52,46.97,43.14,43.25,3174706,43.25
2015-09-25,47.5,49.15,47.01,47.68,1714148,47.68
2015-09-24,47.66,47.96,45.8801,46.77,1784350,46.77
2015-09-23,47.95,49.81,47.8,48.06,1479155,48.06
2015-09-22,49.27,49.82,47.19,47.37,2027102,47.37
2015-09-21,50.97,51.35,49.8,49.9,1527102,49.9
2015-09-18,50.7,51.73,49.77,50.73,3070117,50.73
2015-09-17,51.49,52.66,51.2144,51.39,1528336,51.39
2015-09-16,52.64,53.28,51.3,51.74,1621702,51.74
2015-09-15,53.86,54.08,51.73,52.73,1825687,52.73
2015-09-14,54.1,54.497,52.91,53.49,1540124,53.49
2015-09-11,53.77,54.38,52.61,53.52,1532035,53.52
2015-09-10,56.98,57.16,53.61,53.98,2971263,53.98
2015-09-09,58.54,59.45,56.05,56.55,2079930,56.55
2015-09-08,57.04,58.4,56.68,58.19,1411267,58.19
2015-09-04,55.29,56.64,54.72,55.79,1332220,55.79
2015-09-03,55.0,58.36,54.86,56.57,2281855,56.57
2015-09-02,54.75,55.4399,53.51,54.82,1925130,54.82
2015-09-01,53.89,55.94,53.12,53.45,2299274,53.45
2015-08-31,54.79,56.28,54.17,55.51,2092778,55.51
2015-08-28,54.37,55.92,54.22,55.79,1757971,55.79
2015-08-27,54.13,55.89,54.02,54.74,2540710,54.74
2015-08-26,51.67,52.97,49.77,52.75,2350959,52.75
2015-08-25,51.79,52.972,49.78,49.81,2656140,49.81
2015-08-24,45.5,51.07,45.0,48.5,3978164,48.5
2015-08-21,51.83,51.99,49.86,49.99,3704004,49.99
2015-08-20,54.61,55.355,52.23,52.36,2399474,52.36
2015-08-19,55.9,56.85,55.01,55.59,1820140,55.59
2015-08-18,57.6,57.94,55.85,55.93,1585966,55.93
2015-08-17,57.71,58.43,57.35,58.28,1251786,58.28
2015-08-14,57.58,58.68,56.31,58.24,2517344,58.24
2015-08-13,57.23,59.68,55.84,58.32,3508380,58.32
2015-08-12,52.74,57.6,51.71,56.96,3352155,56.96
2015-08-11,53.5,54.91,53.13,53.86,2311339,53.86
2015-08-10,53.18,55.1,53.17,54.53,2160562,54.53
2015-08-07,51.54,53.07,51.0,52.2,1874090,52.2
2015-08-06,54.73,54.83,50.8,51.83,3199748,51.83
2015-08-05,55.16,56.83,54.25,54.83,4187031,54.83
2015-08-04,56.68,58.14,54.37,55.06,5794839,55.06
2015-08-03,57.52,58.61,56.55,57.52,3662936,57.52
2015-07-31,60.61,60.79,57.64,57.95,4389313,57.95
2015-07-30,60.65,62.348,57.1,60.485,10331417,60.485
2015-07-29,70.33,70.85,68.94,70.47,2562748,70.47
2015-07-28,70.5,71.084,68.5,70.75,1371697,70.75
2015-07-27,71.45,71.45,69.01,69.94,1926702,69.94
2015-07-24,76.51,77.1699,72.2,72.28,1952249,72.28
2015-07-23,74.71,77.22,74.44,75.24,1777362,75.24
2015-07-22,72.55,74.88,71.01,74.17,3345645,74.17
2015-07-21,76.22,77.95,75.41,77.45,1692304,77.45
2015-07-20,78.5,79.58,76.5,76.7,2117605,76.7
2015-07-17,80.14,80.79,78.1,78.86,1327631,78.86
2015-07-16,78.07,80.52,77.7,80.24,1501041,80.24
2015-07-15,78.6,79.1,77.42699999999999,77.88,1051254,77.88
2015-07-14,77.14,78.52,76.93,77.96,1047521,77.96
2015-07-13,77.17,78.21,75.24,76.61,1397443,76.61
2015-07-10,75.22,76.5,73.71,76.16,2365795,76.16
2015-07-09,76.3,77.27,74.33,74.63,2011298,74.63
2015-07-08,77.43,77.45,74.4808,74.68,3271840,74.68
2015-07-07,80.29,80.43,74.36,79.95,3086401,79.95
2015-07-06,80.33,81.935,78.59,79.99,2121645,79.99
2015-07-02,80.72,81.55,80.2,81.36,1151395,81.36
2015-07-01,81.25,82.25,80.01,80.36,1639714,80.36
2015-06-30,80.0,81.0,78.5768,80.27,1957799,80.27
2015-06-29,78.75,81.69,77.83,79.06,2892520,79.06
2015-06-26,84.85,84.9999,79.66,80.41,20596323,80.41
2015-06-25,84.75,85.86,84.75,84.98,1391270,84.98
2015-06-24,85.13,85.88,84.56,84.59,1488568,84.59
2015-06-23,87.9,87.96,84.85,85.31,2469367,85.31
2015-06-22,86.27,88.35,85.86,87.81,2664696,87.81
2015-06-19,84.89,86.28,84.33,85.25,2833108,85.25
2015-06-18,84.63,85.46,83.62299999999999,84.65,2013364,84.65
2015-06-17,84.81,85.07,83.09,84.56,1894035,84.56
2015-06-16,82.22,84.99,82.11,84.75,2476532,84.75
2015-06-15,82.51,82.99,82.05,82.18,2640829,82.18
2015-06-12,81.99,83.7,81.75,83.51,2641046,83.51
2015-06-11,82.49,83.0,81.65100000000001,82.0,28866259,82.0
2015-06-10,81.375,82.74,80.29,82.5,6108678,82.5
2015-06-09,80.51,81.0,77.6,80.05,2807660,80.05
2015-06-08,83.42,83.76899999999999,79.75,80.24,2193013,80.24
2015-06-05,81.06,83.85,80.12,83.7,1801268,83.7
2015-06-04,80.68,82.1,80.08,81.32,1203774,81.32
2015-06-03,81.35,81.907,80.9,81.55,2263414,81.55
2015-06-02,80.59,80.96,79.0,80.86,1703772,80.86
2015-06-01,82.5,83.3632,80.09,80.94,2210923,80.94
2015-05-29,82.87,84.33,82.03,82.15,2770204,82.15
2015-05-28,86.21,86.33,82.06,82.3,2310460,82.3
2015-05-27,82.96,86.75,82.7,86.4,2807004,86.4
2015-05-26,83.44,83.73,81.39,82.46,2157360,82.46
2015-05-22,82.0,84.6426,82.0,84.03,3055359,84.03
2015-05-21,81.15,81.85,79.79,81.26,1937811,81.26
2015-05-20,79.8,81.99,79.4,81.15,1213533,81.15
2015-05-19,80.75,81.89,79.4,80.1,1644055,80.1
2015-05-18,75.76,80.39,75.5,80.3,2668764,80.3
2015-05-15,76.7,77.14,75.83,76.54,1711316,76.54
2015-05-14,75.17,77.215,75.04,76.98,1556393,76.98
2015-05-13,75.35,76.1,74.33,74.96,804124,74.96
2015-05-12,74.13,75.85,74.0,74.75,1381572,74.75
2015-05-11,75.99,76.0,73.84,74.56,1697885,74.56
2015-05-08,76.38,77.97,76.21,76.56,1991630,76.56
2015-05-07,77.63,78.0,73.21,75.56,4721326,75.56
2015-05-06,67.7,69.4,66.5,69.06,2131898,69.06
2015-05-05,68.51,69.2217,66.02,67.07,1532575,67.07
2015-05-04,69.85,70.5,68.6601,68.99,1621588,68.99
2015-05-01,66.8,69.61,66.68,69.6,1708891,69.6
2015-04-30,68.47,68.8499,65.8,65.91,1632031,65.91
2015-04-29,67.59,69.0,66.51,68.65,994215,68.65
2015-04-28,69.97,70.308,65.442,67.86,2044430,67.86
2015-04-27,69.93,71.69,68.9,69.37,1512928,69.37
2015-04-24,73.08,73.1,69.7003,70.12,1633801,70.12
2015-04-23,73.93,73.95,71.55,73.27,1121670,73.27
2015-04-22,74.25,74.54,73.06,74.48,817874,74.48
2015-04-21,72.5,74.26,72.01,74.07,1159958,74.07
2015-04-20,70.4,72.35,70.4,72.01,1216884,72.01
2015-04-17,70.7,71.11,69.61,70.07,1177836,70.07
2015-04-16,70.8,71.5,68.61,71.46,1495531,71.46
2015-04-15,71.0,72.0,69.37,70.91,1714594,70.91
2015-04-14,72.38,73.17,69.3,70.5,2457067,70.5
2015-04-13,73.79,75.12,72.11,72.63,1243676,72.63
2015-04-10,75.61,75.93,72.7601,73.58,1315407,73.58
2015-04-09,72.71,74.9,71.22,74.63,1385059,74.63
2015-04-08,73.8,75.2,72.51,72.84,2108002,72.84
2015-04-07,77.08,77.69,72.73,73.23,2251917,73.23
2015-04-06,76.88,77.15,75.2,76.51,1613574,76.51
2015-04-02,79.2,79.2,76.67,77.79,1603809,77.79
2015-04-01,78.53,79.3,77.81,78.8,1430165,78.8
2015-03-31,80.93,81.0,78.5503,79.7,2006906,79.7
2015-03-30,80.22,81.4,79.71,81.4,1820353,81.4
2015-03-27,77.63,80.69,77.51,79.28,2634855,79.28
2015-03-26,73.5,77.75,72.1,77.19,3005851,77.19
2015-03-25,83.55,83.79,75.52,77.13,3728849,77.13
2015-03-24,84.6,85.6275,82.66,83.21,1792326,83.21
2015-03-23,81.15,84.19,81.07,84.09,2001013,84.09
2015-03-20,81.44,81.4999,79.695,80.8,4740960,80.8
2015-03-19,81.52,82.27,79.21,80.38,1885961,80.38
2015-03-18,77.86,80.8,77.69,79.96,2272864,79.96
2015-03-17,76.16,78.12,75.9,77.71,1824736,77.71
2015-03-16,74.21,76.75,74.0,76.33,1822376,76.33
2015-03-13,73.35,73.99,71.8,72.57,761933,72.57
2015-03-12,73.34,74.35,72.92,73.42,794838,73.42
2015-03-11,72.67,73.6,72.05,72.95,1039697,72.95
2015-03-10,74.13,74.31,71.74,72.15,1365519,72.15
2015-03-09,73.24,75.45,73.13,74.83,1076610,74.83
2015-03-06,73.41,74.5,72.75,72.98,988083,72.98
2015-03-05,72.2,75.16,72.02,74.51,1621943,74.51
2015-03-04,70.23,73.25,70.11,72.02,1397547,72.02
2015-03-03,69.36,70.96,68.35,70.84,1509044,70.84
2015-03-02,69.39,70.8,68.8,69.35,1127924,69.35
2015-02-27,70.75,71.428,69.2,69.4,1400857,69.4
2015-02-26,68.0,71.72,67.89,71.53,2116352,71.53
2015-02-25,68.95,69.28,66.6,67.21,965173,67.21
2015-02-24,65.36,69.35,65.2,69.34,1700103,69.34
2015-02-23,65.16,65.88,64.3,65.05,889737,65.05
2015-02-20,65.57,65.77,64.04,65.17,1463428,65.17
2015-02-19,67.0,68.17,65.25,65.3,1225397,65.3
2015-02-18,69.15,70.0,67.31,67.54,1056656,67.54
2015-02-17,70.0,70.0,68.06,69.44,973963,69.44
2015-02-13,66.35,70.27,65.6301,70.03,1870878,70.03
2015-02-12,65.63,66.33,65.0,66.2,1159026,66.2
2015-02-11,64.93,65.65,63.17,64.75,1096587,64.75
2015-02-10,63.87,65.12,63.67,65.02,1306622,65.02
2015-02-09,65.2,65.8245,63.35,63.74,1563602,63.74
2015-02-06,67.5,68.5,65.53,65.89,1302192,65.89
2015-02-05,67.66,68.73,66.5,67.39,1322918,67.39
2015-02-04,67.53,69.3999,66.76,68.33,1499558,68.33
2015-02-03,68.74,70.0,67.05,68.52,2551794,68.52
2015-02-02,73.08,74.0,66.88,68.72,3348309,68.72
2015-01-30,74.64,75.26,73.31,73.87,1623369,73.87
2015-01-29,72.7,75.88,72.2,75.76,2636706,75.76
2015-01-28,75.0,78.05,74.22,75.5,3063005,75.5
2015-01-27,73.0,73.88,71.5,73.75,1246687,73.75
2015-01-26,72.4,74.0,72.3,73.15,1571826,73.15
2015-01-23,70.72,74.34,70.57,73.37,1677595,73.37
2015-01-22,69.54,70.68,67.03,70.61,1332703,70.61
2015-01-21,67.61,70.8,67.57,68.84,1451616,68.84
2015-01-20,65.75,68.2,65.23,67.96,1096239,67.96
2015-01-16,64.02,66.42,63.81,65.81,1392888,65.81
2015-01-15,64.23,64.94,63.6,64.39,1246849,64.39
2015-01-14,64.65,65.45,63.11,64.59,980702,64.59
2015-01-13,65.74,67.59,63.61,65.02,1230742,65.02
2015-01-12,67.39,67.99,64.8,65.52,1259246,65.52
2015-01-09,68.45,68.45,66.61,67.11,934190,67.11
2015-01-08,67.95,69.69,67.13,67.69,2514567,67.69
2015-01-07,65.01,66.76,63.51,66.65,2122624,66.65
2015-01-06,67.93,67.9899,63.02,64.67,3749900,64.67
2015-01-05,71.23,71.3,67.06,67.63,4534786,67.63
2015-01-02,69.0,71.9995,68.01,70.4,4218773,70.4
